product_id,product_name,category,brand,supplier_id,cost_price,selling_price,product_status
PROD00001,Maxime Home & Kitchen,Home & Kitchen,Philips,SUP096,110.28,170.44,Active
PROD00002,Voluptas Electronics,Electronics,Nike,SUP169,4425.58,6730.37,Active
PROD00003,Fugit Sports,Sports,Dove,SUP083,956.73,1214.98,Active
PROD00004,Eaque Clothing,Clothing,Nestle,SUP076,3109.25,4698.62,Active
PROD00005,Enim Beauty,Beauty,Nike,SUP117,3217.35,3669.21,Active
PROD00006,Et Sports,Sports,Dove,SUP169,3216.77,4147.9,Active
PROD00007,Numquam Clothing,Clothing,Sony,SUP106,2773.5,3910.92,Active
PROD00008,Eligendi Beauty,Beauty,Nike,SUP077,649.33,768.58,Discontinued
PROD00009,Aspernatur Home & Kitchen,Home & Kitchen,Adidas,SUP080,1635.37,2390.0,Active
PROD00010,Eligendi Electronics,Electronics,Amul,SUP099,1135.06,1483.13,Active
PROD00011,Doloribus Clothing,Clothing,Sony,SUP088,4505.32,5070.26,Active
PROD00012,Neque Groceries,Groceries,Puma,SUP030,810.24,1085.77,Active
PROD00013,Eligendi Beauty,Beauty,Samsung,SUP039,75.92,107.81,Active
PROD00014,Accusamus Sports,Sports,Philips,SUP016,4139.23,5191.38,Active
PROD00015,Itaque Groceries,Groceries,Philips,SUP163,457.37,518.52,Active
PROD00016,Consectetur Groceries,Groceries,Nestle,SUP041,4002.51,4827.3,Active
PROD00017,Aliquam Electronics,Electronics,Puma,SUP006,3624.77,4856.07,Active
PROD00018,Tenetur Home & Kitchen,Home & Kitchen,LG,SUP058,585.24,846.89,Active
PROD00019,Doloribus Electronics,Electronics,Samsung,SUP152,297.05,473.98,Discontinued
PROD00020,Consequuntur Clothing,Clothing,Nike,SUP145,3635.76,5365.3,Discontinued
PROD00021,Voluptas Groceries,Groceries,Adidas,SUP117,3377.01,3868.14,Active
PROD00022,Nisi Electronics,Electronics,Samsung,SUP067,1930.99,2192.21,Active
PROD00023,Placeat Groceries,Groceries,Adidas,SUP035,2545.66,2956.41,Active
PROD00024,Iste Home & Kitchen,Home & Kitchen,Adidas,SUP028,4170.11,4797.81,Active
PROD00025,Voluptas Sports,Sports,Nike,SUP107,2162.06,2935.14,Active
PROD00026,Nostrum Beauty,Beauty,Philips,SUP005,1777.69,2471.99,Active
PROD00027,Quis Beauty,Beauty,Puma,SUP056,1452.17,2254.26,Active
PROD00028,Inventore Groceries,Groceries,Nestle,SUP047,2498.41,3489.61,Active
PROD00029,Ullam Sports,Sports,Puma,SUP125,3126.36,3876.9,Active
PROD00030,Ad Sports,Sports,Adidas,SUP044,2029.1,2832.06,Active
PROD00031,Ex Beauty,Beauty,Dove,SUP140,1731.63,2309.64,Active
PROD00032,Delectus Electronics,Electronics,Sony,SUP158,545.31,865.57,Active
PROD00033,Placeat Sports,Sports,Samsung,SUP112,2799.55,3304.67,Active
PROD00034,Nemo Beauty,Beauty,Dove,SUP012,4260.49,5159.73,Active
PROD00035,Nobis Home & Kitchen,Home & Kitchen,Amul,SUP183,3333.83,5015.43,Active
PROD00036,Pariatur Beauty,Beauty,Samsung,SUP134,3214.0,5117.83,Active
PROD00037,Modi Electronics,Electronics,Nike,SUP186,1172.31,1647.6,Active
PROD00038,Ipsum Clothing,Clothing,Samsung,SUP118,1715.69,2123.35,Active
PROD00039,Architecto Beauty,Beauty,Samsung,SUP062,559.43,754.06,Active
PROD00040,Exercitationem Sports,Sports,Puma,SUP084,532.22,596.21,Active
PROD00041,Laudantium Groceries,Groceries,Sony,SUP083,2813.3,4413.3,Active
PROD00042,Odio Clothing,Clothing,Amul,SUP095,2241.66,3361.7,Active
PROD00043,Doloremque Groceries,Groceries,Adidas,SUP119,4676.67,6596.36,Active
PROD00044,Quaerat Groceries,Groceries,Puma,SUP078,3873.83,6073.35,Active
PROD00045,Rem Home & Kitchen,Home & Kitchen,LG,SUP082,1652.44,1888.97,Active
PROD00046,Quisquam Home & Kitchen,Home & Kitchen,Dove,SUP151,774.78,935.7,Active
PROD00047,Libero Clothing,Clothing,Adidas,SUP017,1648.88,2305.55,Active
PROD00048,Sequi Clothing,Clothing,Samsung,SUP008,4444.98,6633.05,Active
PROD00049,Velit Sports,Sports,LG,SUP170,1303.72,1470.93,Active
PROD00050,Repellendus Clothing,Clothing,Nestle,SUP089,2436.83,2881.16,Active
PROD00051,Explicabo Sports,Sports,Philips,SUP187,1891.83,2364.43,Active
PROD00052,Quo Clothing,Clothing,Nike,SUP142,3512.79,5190.18,Active
PROD00053,Suscipit Groceries,Groceries,Philips,SUP064,4034.3,4873.53,Discontinued
PROD00054,Adipisci Beauty,Beauty,Nestle,SUP070,2153.31,2614.15,Active
PROD00055,Culpa Beauty,Beauty,Nike,SUP001,112.49,152.98,Active
PROD00056,Iste Electronics,Electronics,LG,SUP074,3126.07,4945.21,Active
PROD00057,Labore Sports,Sports,Amul,SUP150,4491.03,6786.6,Active
PROD00058,Laborum Sports,Sports,Amul,SUP185,3974.48,4865.93,Active
PROD00059,Nostrum Groceries,Groceries,Philips,SUP032,2870.58,4029.45,Active
PROD00060,Magnam Sports,Sports,Philips,SUP031,4622.96,6355.14,Active
PROD00061,Quo Groceries,Groceries,Nestle,SUP126,3505.14,5101.71,Active
PROD00062,Temporibus Home & Kitchen,Home & Kitchen,Nike,SUP145,4339.33,5179.82,Active
PROD00063,Nihil Clothing,Clothing,Nike,SUP068,1637.14,2042.62,Active
PROD00064,Repellat Home & Kitchen,Home & Kitchen,Sony,SUP193,4832.51,7308.81,Active
PROD00065,Labore Beauty,Beauty,LG,SUP087,1963.14,3119.16,Active
PROD00066,Eligendi Clothing,Clothing,Puma,SUP096,4257.32,4890.12,Active
PROD00067,Dignissimos Sports,Sports,Nestle,SUP084,516.12,696.36,Active
PROD00068,Officiis Electronics,Electronics,Nestle,SUP030,2099.5,3059.18,Active
PROD00069,Cumque Electronics,Electronics,Samsung,SUP113,648.22,759.94,Active
PROD00070,Cumque Clothing,Clothing,Samsung,SUP022,3493.47,5070.34,Active
PROD00071,Cupiditate Electronics,Electronics,Puma,SUP184,720.67,951.05,Active
PROD00072,Recusandae Groceries,Groceries,Adidas,SUP078,2087.27,2913.17,Active
PROD00073,Vero Groceries,Groceries,Philips,SUP108,4306.59,6562.4,Active
PROD00074,Impedit Electronics,Electronics,Puma,SUP114,1794.65,2161.73,Active
PROD00075,Numquam Electronics,Electronics,Sony,SUP191,3637.48,5272.78,Active
PROD00076,Consectetur Electronics,Electronics,Dove,SUP042,384.08,527.8,Active
PROD00077,Modi Electronics,Electronics,LG,SUP001,3947.39,4681.2,Discontinued
PROD00078,Cumque Home & Kitchen,Home & Kitchen,Samsung,SUP008,3751.49,5103.75,Active
PROD00079,Repudiandae Clothing,Clothing,Puma,SUP105,3336.02,4275.04,Active
PROD00080,Vero Electronics,Electronics,Nestle,SUP090,3021.01,4161.53,Active
PROD00081,Soluta Beauty,Beauty,Puma,SUP165,4050.61,5066.8,Active
PROD00082,Autem Home & Kitchen,Home & Kitchen,Nestle,SUP139,722.3,871.24,Active
PROD00083,Facere Electronics,Electronics,LG,SUP076,1276.47,1510.63,Active
PROD00084,Consequuntur Groceries,Groceries,Adidas,SUP061,3665.12,5290.43,Active
PROD00085,Excepturi Electronics,Electronics,LG,SUP065,774.91,1039.1,Active
PROD00086,Voluptatibus Beauty,Beauty,Puma,SUP104,665.54,747.9,Active
PROD00087,Perferendis Home & Kitchen,Home & Kitchen,Amul,SUP004,220.23,326.39,Active
PROD00088,Incidunt Sports,Sports,Samsung,SUP149,664.45,806.54,Active
PROD00089,Deserunt Electronics,Electronics,Samsung,SUP115,3590.74,4739.42,Active
PROD00090,Esse Groceries,Groceries,Sony,SUP045,3598.15,5225.67,Active
PROD00091,Dolorum Clothing,Clothing,Puma,SUP081,2904.02,4261.87,Active
PROD00092,Facilis Clothing,Clothing,Sony,SUP165,4250.72,6190.67,Active
PROD00093,Veniam Home & Kitchen,Home & Kitchen,Puma,SUP151,4146.43,5821.95,Active
PROD00094,Adipisci Groceries,Groceries,Puma,SUP082,4170.32,6345.19,Active
PROD00095,Voluptatibus Electronics,Electronics,Philips,SUP189,3924.28,5108.11,Active
PROD00096,Vel Electronics,Electronics,Puma,SUP102,3559.85,4461.95,Active
PROD00097,Adipisci Groceries,Groceries,Puma,SUP127,4043.88,4684.82,Active
PROD00098,Asperiores Groceries,Groceries,Nike,SUP136,406.08,529.44,Active
PROD00099,Voluptatum Clothing,Clothing,Nestle,SUP173,278.41,362.22,Active
PROD00100,Officia Clothing,Clothing,Adidas,SUP066,774.19,982.38,Active
PROD00101,Nihil Groceries,Groceries,LG,SUP149,231.67,367.96,Active
PROD00102,Hic Electronics,Electronics,Amul,SUP044,2679.43,3743.53,Active
PROD00103,Aliquam Home & Kitchen,Home & Kitchen,Nestle,SUP153,2412.24,3356.12,Discontinued
PROD00104,Sequi Sports,Sports,Nestle,SUP011,2220.51,2851.71,Active
PROD00105,Perferendis Sports,Sports,Philips,SUP155,2871.91,3907.62,Active
PROD00106,Totam Groceries,Groceries,Nike,SUP072,4967.02,6335.42,Active
PROD00107,Maiores Sports,Sports,Philips,SUP029,3909.66,5400.55,Active
PROD00108,Amet Groceries,Groceries,Sony,SUP167,568.84,769.73,Active
PROD00109,Mollitia Groceries,Groceries,Dove,SUP095,4009.61,6086.81,Active
PROD00110,Vero Electronics,Electronics,Philips,SUP046,2179.18,2461.77,Active
PROD00111,Cum Home & Kitchen,Home & Kitchen,Nestle,SUP068,4835.87,7296.1,Active
PROD00112,Natus Sports,Sports,Nestle,SUP156,1295.69,1450.87,Active
PROD00113,Rem Electronics,Electronics,LG,SUP199,3299.0,5252.56,Active
PROD00114,Nulla Electronics,Electronics,Adidas,SUP073,2644.87,3981.77,Active
PROD00115,Adipisci Sports,Sports,Samsung,SUP057,1447.11,2048.71,Active
PROD00116,Dicta Beauty,Beauty,Philips,SUP062,2080.52,2528.89,Active
PROD00117,Enim Electronics,Electronics,Amul,SUP042,3724.46,4906.0,Active
PROD00118,Rem Home & Kitchen,Home & Kitchen,Philips,SUP084,3988.45,5293.44,Discontinued
PROD00119,Occaecati Electronics,Electronics,Nike,SUP056,347.89,544.02,Active
PROD00120,Occaecati Electronics,Electronics,Philips,SUP150,4783.46,7076.97,Active
PROD00121,Fuga Clothing,Clothing,Adidas,SUP101,58.4,73.2,Active
PROD00122,Labore Home & Kitchen,Home & Kitchen,Sony,SUP141,3473.75,4483.4,Active
PROD00123,Est Clothing,Clothing,Adidas,SUP042,3246.23,4245.34,Active
PROD00124,Delectus Beauty,Beauty,Amul,SUP159,2964.31,4576.88,Active
PROD00125,Molestias Home & Kitchen,Home & Kitchen,Adidas,SUP183,179.03,228.57,Active
PROD00126,Earum Clothing,Clothing,Nestle,SUP045,698.66,933.63,Active
PROD00127,Esse Beauty,Beauty,Nike,SUP026,1785.02,2163.05,Discontinued
PROD00128,Ipsam Home & Kitchen,Home & Kitchen,Dove,SUP164,2480.71,2991.43,Active
PROD00129,Quibusdam Electronics,Electronics,Nestle,SUP164,2141.34,2726.16,Active
PROD00130,Facere Home & Kitchen,Home & Kitchen,Nike,SUP012,4426.75,6517.85,Active
PROD00131,Rerum Clothing,Clothing,Samsung,SUP114,4258.92,6575.19,Active
PROD00132,Porro Home & Kitchen,Home & Kitchen,LG,SUP021,4516.21,5215.01,Active
PROD00133,Voluptatibus Electronics,Electronics,Puma,SUP109,3549.97,4548.0,Discontinued
PROD00134,Odit Home & Kitchen,Home & Kitchen,Philips,SUP181,3497.63,4318.64,Active
PROD00135,Occaecati Groceries,Groceries,Samsung,SUP084,4159.13,5325.07,Active
PROD00136,A Beauty,Beauty,Nike,SUP168,2325.0,3098.46,Discontinued
PROD00137,Exercitationem Groceries,Groceries,Adidas,SUP159,3307.82,5040.87,Active
PROD00138,Maiores Electronics,Electronics,Amul,SUP166,1278.5,1586.58,Active
PROD00139,Accusamus Beauty,Beauty,Nike,SUP055,4265.95,6211.39,Active
PROD00140,Odit Sports,Sports,Adidas,SUP071,2980.33,4121.7,Active
PROD00141,Doloremque Sports,Sports,Nestle,SUP148,3550.39,4834.36,Active
PROD00142,Quos Beauty,Beauty,Philips,SUP174,4590.27,5477.55,Active
PROD00143,Mollitia Home & Kitchen,Home & Kitchen,Amul,SUP088,2368.71,2784.45,Active
PROD00144,Earum Electronics,Electronics,Nike,SUP129,4026.23,5344.64,Active
PROD00145,Ullam Home & Kitchen,Home & Kitchen,Sony,SUP048,3163.96,4736.35,Active
PROD00146,Debitis Electronics,Electronics,Dove,SUP024,1730.04,2418.71,Active
PROD00147,Odio Groceries,Groceries,Nestle,SUP193,3934.05,5892.31,Active
PROD00148,Quaerat Beauty,Beauty,Nike,SUP145,1395.51,1560.36,Active
PROD00149,Sapiente Beauty,Beauty,Puma,SUP041,1588.81,2405.37,Active
PROD00150,Cupiditate Sports,Sports,Nestle,SUP088,2303.51,3563.54,Active
PROD00151,Neque Sports,Sports,LG,SUP185,143.23,217.66,Active
PROD00152,Quasi Clothing,Clothing,Amul,SUP169,1769.15,2454.84,Active
PROD00153,Quasi Sports,Sports,Philips,SUP016,911.03,1404.05,Active
PROD00154,Voluptatem Clothing,Clothing,Dove,SUP190,3621.98,4806.7,Active
PROD00155,Voluptatibus Home & Kitchen,Home & Kitchen,Amul,SUP157,2433.81,3100.5,Active
PROD00156,Eum Beauty,Beauty,Sony,SUP064,4382.77,6996.35,Active
PROD00157,Pariatur Home & Kitchen,Home & Kitchen,Adidas,SUP023,3029.08,3482.44,Discontinued
PROD00158,Aut Electronics,Electronics,Dove,SUP014,3446.6,4271.55,Active
PROD00159,Quos Groceries,Groceries,LG,SUP164,343.02,380.79,Active
PROD00160,Laboriosam Sports,Sports,Puma,SUP025,2570.15,3178.89,Active
PROD00161,Aut Groceries,Groceries,Nike,SUP146,2760.44,4265.65,Discontinued
PROD00162,Deleniti Electronics,Electronics,Sony,SUP126,1665.99,2331.35,Active
PROD00163,Aperiam Sports,Sports,Dove,SUP044,1299.35,1430.75,Active
PROD00164,Occaecati Sports,Sports,LG,SUP069,474.25,636.09,Active
PROD00165,Possimus Groceries,Groceries,Sony,SUP165,1159.86,1603.03,Active
PROD00166,Modi Sports,Sports,Nestle,SUP108,466.46,686.16,Active
PROD00167,Dolorem Electronics,Electronics,Samsung,SUP168,3924.48,4682.75,Active
PROD00168,Velit Home & Kitchen,Home & Kitchen,Puma,SUP028,1230.48,1508.09,Active
PROD00169,Neque Electronics,Electronics,Adidas,SUP096,4603.55,5124.61,Active
PROD00170,Veniam Electronics,Electronics,Samsung,SUP014,3782.53,5246.19,Active
PROD00171,Quaerat Home & Kitchen,Home & Kitchen,Nestle,SUP136,2040.88,2461.51,Active
PROD00172,Quo Groceries,Groceries,Amul,SUP069,4660.9,6298.8,Active
PROD00173,Quia Home & Kitchen,Home & Kitchen,Dove,SUP024,1185.44,1693.31,Active
PROD00174,Deleniti Groceries,Groceries,Philips,SUP009,1070.68,1344.38,Active
PROD00175,Nulla Beauty,Beauty,Puma,SUP176,766.2,967.2,Active
PROD00176,Doloribus Clothing,Clothing,Dove,SUP089,1221.55,1531.61,Active
PROD00177,Nihil Groceries,Groceries,Samsung,SUP107,3581.04,5133.75,Active
PROD00178,Dignissimos Home & Kitchen,Home & Kitchen,Adidas,SUP061,4193.06,4796.58,Active
PROD00179,Provident Sports,Sports,LG,SUP136,1642.53,2554.95,Active
PROD00180,Minus Beauty,Beauty,Samsung,SUP128,703.64,876.98,Active
PROD00181,Eaque Sports,Sports,Samsung,SUP154,1583.16,2358.99,Active
PROD00182,Corporis Groceries,Groceries,Samsung,SUP144,2857.14,4187.75,Active
PROD00183,Accusantium Home & Kitchen,Home & Kitchen,Sony,SUP027,1761.46,2436.55,Active
PROD00184,Ut Home & Kitchen,Home & Kitchen,Sony,SUP200,1418.85,2056.1,Active
PROD00185,Non Beauty,Beauty,Philips,SUP038,1496.13,1739.28,Active
PROD00186,Voluptates Electronics,Electronics,Nike,SUP082,4279.59,6199.59,Active
PROD00187,Repellendus Sports,Sports,Philips,SUP062,4508.87,6166.25,Active
PROD00188,Alias Sports,Sports,Sony,SUP082,2702.13,4134.08,Active
PROD00189,Laborum Home & Kitchen,Home & Kitchen,Dove,SUP018,878.97,991.62,Active
PROD00190,Facere Home & Kitchen,Home & Kitchen,Nike,SUP044,2808.63,4194.03,Active
PROD00191,Quae Beauty,Beauty,Nestle,SUP197,4508.59,6621.64,Active
PROD00192,Nobis Beauty,Beauty,LG,SUP154,3525.62,5522.62,Active
PROD00193,Quasi Groceries,Groceries,Samsung,SUP087,4854.67,7522.09,Active
PROD00194,Unde Home & Kitchen,Home & Kitchen,LG,SUP165,4810.14,6378.35,Active
PROD00195,Vero Home & Kitchen,Home & Kitchen,Samsung,SUP116,666.22,797.31,Active
PROD00196,Sapiente Home & Kitchen,Home & Kitchen,Philips,SUP090,119.7,170.29,Active
PROD00197,Saepe Electronics,Electronics,Dove,SUP115,4513.86,5471.79,Active
PROD00198,Accusantium Sports,Sports,Dove,SUP013,4900.43,7254.48,Active
PROD00199,Quo Sports,Sports,Amul,SUP068,4374.25,5493.99,Active
PROD00200,Sequi Sports,Sports,Adidas,SUP198,1176.06,1678.5,Active
PROD00201,Ratione Sports,Sports,Nestle,SUP173,1493.51,2053.47,Discontinued
PROD00202,Iste Home & Kitchen,Home & Kitchen,Nestle,SUP037,316.11,430.99,Active
PROD00203,Labore Beauty,Beauty,Samsung,SUP128,4591.08,6783.09,Active
PROD00204,Praesentium Electronics,Electronics,Nestle,SUP040,2745.13,4200.26,Active
PROD00205,Debitis Electronics,Electronics,LG,SUP044,943.97,1086.38,Active
PROD00206,Esse Beauty,Beauty,Dove,SUP094,1524.86,1911.51,Active
PROD00207,Autem Groceries,Groceries,Samsung,SUP053,1692.33,2564.1,Active
PROD00208,Corporis Clothing,Clothing,Sony,SUP182,376.31,484.97,Discontinued
PROD00209,Incidunt Sports,Sports,Amul,SUP039,3965.71,6142.54,Active
PROD00210,Repudiandae Groceries,Groceries,Sony,SUP091,810.03,1163.75,Active
PROD00211,A Clothing,Clothing,Puma,SUP019,1461.05,1998.88,Active
PROD00212,Reprehenderit Sports,Sports,Sony,SUP138,3757.83,5689.02,Active
PROD00213,Consequuntur Electronics,Electronics,Dove,SUP038,3295.55,4516.18,Active
PROD00214,Dolores Beauty,Beauty,Nestle,SUP089,4991.77,6601.27,Active
PROD00215,Unde Home & Kitchen,Home & Kitchen,Amul,SUP114,3804.98,5146.86,Active
PROD00216,Aliquid Sports,Sports,Nestle,SUP119,4014.66,5821.58,Active
PROD00217,Et Beauty,Beauty,Dove,SUP163,2240.19,3578.22,Active
PROD00218,Voluptas Sports,Sports,Samsung,SUP086,161.09,219.68,Active
PROD00219,Aliquid Groceries,Groceries,LG,SUP054,3947.48,5264.11,Active
PROD00220,Fugit Sports,Sports,Sony,SUP116,3032.49,4442.16,Active
PROD00221,Blanditiis Home & Kitchen,Home & Kitchen,Nestle,SUP129,4238.13,5988.03,Active
PROD00222,Dolore Groceries,Groceries,Samsung,SUP151,4770.11,5676.31,Active
PROD00223,Totam Groceries,Groceries,Adidas,SUP067,894.46,1093.37,Active
PROD00224,Qui Home & Kitchen,Home & Kitchen,LG,SUP002,146.48,194.52,Active
PROD00225,Dolorem Groceries,Groceries,LG,SUP193,2199.81,2988.37,Active
PROD00226,Eum Beauty,Beauty,LG,SUP108,3164.01,4270.27,Active
PROD00227,Nisi Clothing,Clothing,Adidas,SUP142,976.28,1089.21,Active
PROD00228,Sapiente Clothing,Clothing,Nestle,SUP155,2569.53,3948.81,Active
PROD00229,Cum Home & Kitchen,Home & Kitchen,Puma,SUP120,94.41,118.17,Discontinued
PROD00230,Praesentium Clothing,Clothing,Puma,SUP103,230.31,264.03,Active
PROD00231,Sed Sports,Sports,Samsung,SUP027,2362.7,3234.33,Active
PROD00232,Libero Groceries,Groceries,Dove,SUP159,1611.21,1962.63,Active
PROD00233,Error Beauty,Beauty,LG,SUP168,2963.98,3444.36,Active
PROD00234,Expedita Electronics,Electronics,Sony,SUP129,2486.66,2908.88,Active
PROD00235,Alias Electronics,Electronics,Dove,SUP103,718.25,790.4,Active
PROD00236,Error Home & Kitchen,Home & Kitchen,Sony,SUP117,1162.04,1287.5,Active
PROD00237,Totam Groceries,Groceries,Nike,SUP131,118.27,179.18,Active
PROD00238,Labore Home & Kitchen,Home & Kitchen,Samsung,SUP193,4995.06,6357.96,Active
PROD00239,Quam Electronics,Electronics,Samsung,SUP042,1085.54,1411.44,Active
PROD00240,Sunt Groceries,Groceries,Nestle,SUP142,2264.35,2745.1,Active
PROD00241,Repellat Home & Kitchen,Home & Kitchen,Puma,SUP140,499.61,775.92,Active
PROD00242,Distinctio Electronics,Electronics,Philips,SUP180,3953.44,4877.54,Active
PROD00243,Consequatur Clothing,Clothing,Philips,SUP036,641.77,887.62,Active
PROD00244,Tempora Groceries,Groceries,Samsung,SUP103,1854.94,2914.89,Active
PROD00245,Iusto Sports,Sports,Sony,SUP188,1064.96,1279.51,Active
PROD00246,Dolore Beauty,Beauty,Adidas,SUP110,3955.83,4748.77,Active
PROD00247,In Clothing,Clothing,Nestle,SUP074,3377.9,4697.04,Active
PROD00248,Vel Home & Kitchen,Home & Kitchen,Philips,SUP076,2069.15,3282.75,Active
PROD00249,Doloribus Clothing,Clothing,Puma,SUP031,4850.17,6494.64,Active
PROD00250,Expedita Clothing,Clothing,Philips,SUP122,4993.83,7388.35,Active
PROD00251,Culpa Clothing,Clothing,Dove,SUP071,4595.32,7002.0,Active
PROD00252,Aliquam Beauty,Beauty,Amul,SUP087,2604.31,3213.38,Active
PROD00253,Itaque Home & Kitchen,Home & Kitchen,Sony,SUP053,344.42,523.69,Active
PROD00254,Dolorem Groceries,Groceries,Adidas,SUP026,3435.24,4220.73,Active
PROD00255,Eligendi Electronics,Electronics,Dove,SUP171,1145.33,1806.16,Active
PROD00256,Minus Clothing,Clothing,Philips,SUP079,4809.4,5551.03,Active
PROD00257,Totam Electronics,Electronics,Nestle,SUP027,880.49,1365.02,Active
PROD00258,Nisi Beauty,Beauty,Philips,SUP014,811.13,1296.88,Active
PROD00259,Soluta Beauty,Beauty,Adidas,SUP147,4099.28,6545.72,Active
PROD00260,Ipsum Home & Kitchen,Home & Kitchen,Nike,SUP168,69.98,92.68,Active
PROD00261,Laboriosam Electronics,Electronics,LG,SUP138,519.8,613.29,Active
PROD00262,Hic Home & Kitchen,Home & Kitchen,Amul,SUP002,3341.74,4075.67,Active
PROD00263,Non Clothing,Clothing,Nestle,SUP042,2083.28,3331.96,Active
PROD00264,Exercitationem Electronics,Electronics,Philips,SUP180,3818.15,4267.41,Active
PROD00265,Velit Clothing,Clothing,Philips,SUP092,1237.28,1941.73,Active
PROD00266,Aspernatur Groceries,Groceries,Sony,SUP016,3006.16,4445.71,Active
PROD00267,Expedita Electronics,Electronics,Philips,SUP114,4954.02,6518.16,Active
PROD00268,Ut Beauty,Beauty,Dove,SUP040,263.57,381.8,Active
PROD00269,Temporibus Clothing,Clothing,Puma,SUP172,4795.28,6770.82,Active
PROD00270,Totam Electronics,Electronics,Samsung,SUP186,1336.67,1509.37,Active
PROD00271,Facere Clothing,Clothing,Philips,SUP053,1898.42,2788.43,Active
PROD00272,Iure Beauty,Beauty,LG,SUP101,3493.87,4910.31,Active
PROD00273,Vel Home & Kitchen,Home & Kitchen,Sony,SUP171,3377.4,5204.02,Active
PROD00274,Aliquid Electronics,Electronics,Amul,SUP143,838.27,1144.46,Active
PROD00275,Provident Clothing,Clothing,Puma,SUP119,1250.51,1807.54,Active
PROD00276,Vel Clothing,Clothing,Puma,SUP144,2123.92,3388.03,Active
PROD00277,Odit Groceries,Groceries,Philips,SUP096,1229.1,1757.51,Active
PROD00278,Iste Clothing,Clothing,Dove,SUP153,399.61,499.86,Active
PROD00279,Asperiores Clothing,Clothing,Sony,SUP081,193.89,299.27,Discontinued
PROD00280,Sed Beauty,Beauty,Dove,SUP115,2392.88,2702.81,Active
PROD00281,Explicabo Beauty,Beauty,Dove,SUP036,1904.58,2533.83,Discontinued
PROD00282,Quos Groceries,Groceries,Adidas,SUP129,2270.13,2788.01,Active
PROD00283,Sapiente Beauty,Beauty,Samsung,SUP161,2960.71,3276.14,Active
PROD00284,Aperiam Home & Kitchen,Home & Kitchen,Nestle,SUP171,3218.12,4635.26,Active
PROD00285,Cumque Beauty,Beauty,Dove,SUP066,3244.96,4371.82,Active
PROD00286,Suscipit Beauty,Beauty,LG,SUP010,4887.25,6258.69,Active
PROD00287,Quisquam Clothing,Clothing,Nestle,SUP041,4233.74,5986.47,Active
PROD00288,Aperiam Groceries,Groceries,LG,SUP066,1340.38,1900.42,Active
PROD00289,Ut Groceries,Groceries,Samsung,SUP117,3452.67,5162.01,Active
PROD00290,Eius Home & Kitchen,Home & Kitchen,Dove,SUP161,1199.39,1784.14,Active
PROD00291,Recusandae Home & Kitchen,Home & Kitchen,Dove,SUP146,3156.24,4255.81,Discontinued
PROD00292,Nulla Sports,Sports,Amul,SUP041,4115.43,6066.67,Active
PROD00293,Aliquam Beauty,Beauty,Nike,SUP026,337.27,413.28,Active
PROD00294,Nostrum Electronics,Electronics,Amul,SUP154,1974.04,2639.1,Active
PROD00295,Consequatur Home & Kitchen,Home & Kitchen,Dove,SUP128,2237.84,2935.36,Active
PROD00296,Delectus Electronics,Electronics,Amul,SUP176,1776.97,2470.23,Active
PROD00297,Quos Clothing,Clothing,Sony,SUP044,2911.97,4430.32,Active
PROD00298,Incidunt Home & Kitchen,Home & Kitchen,Sony,SUP056,4149.29,5664.03,Active
PROD00299,Neque Clothing,Clothing,Philips,SUP070,568.54,885.04,Active
PROD00300,Sint Sports,Sports,Nestle,SUP117,1346.21,1580.65,Active
PROD00301,Quod Sports,Sports,Nestle,SUP089,2691.52,3845.29,Active
PROD00302,Id Beauty,Beauty,Samsung,SUP099,1444.81,1687.85,Active
PROD00303,Molestiae Electronics,Electronics,Adidas,SUP040,2050.52,2329.63,Active
PROD00304,Excepturi Electronics,Electronics,Dove,SUP027,4441.39,6462.67,Active
PROD00305,Eum Home & Kitchen,Home & Kitchen,Nestle,SUP122,2980.07,4346.63,Discontinued
PROD00306,Illum Beauty,Beauty,Dove,SUP170,4585.87,6904.26,Active
PROD00307,Similique Sports,Sports,LG,SUP115,1081.2,1435.22,Active
PROD00308,Perferendis Electronics,Electronics,Nike,SUP048,4466.54,5666.99,Active
PROD00309,Totam Electronics,Electronics,Sony,SUP049,1836.51,2769.75,Active
PROD00310,Illum Electronics,Electronics,Dove,SUP037,4255.93,6437.05,Active
PROD00311,Odit Clothing,Clothing,Adidas,SUP135,3541.74,4486.05,Active
PROD00312,Voluptas Groceries,Groceries,Philips,SUP014,3700.34,4926.23,Active
PROD00313,Expedita Beauty,Beauty,Dove,SUP141,4855.18,7618.39,Active
PROD00314,Quis Electronics,Electronics,Amul,SUP138,4063.43,5254.58,Active
PROD00315,Officia Groceries,Groceries,Sony,SUP072,2969.94,3878.29,Active
PROD00316,Aliquid Clothing,Clothing,Nestle,SUP176,3916.92,5347.16,Active
PROD00317,Eos Groceries,Groceries,Dove,SUP047,264.37,391.99,Active
PROD00318,Explicabo Home & Kitchen,Home & Kitchen,Nestle,SUP128,697.02,803.47,Active
PROD00319,Odio Groceries,Groceries,Nestle,SUP169,482.24,668.21,Active
PROD00320,Doloremque Sports,Sports,LG,SUP197,446.12,694.27,Active
PROD00321,Facere Clothing,Clothing,Nestle,SUP069,294.41,397.29,Active
PROD00322,Magnam Electronics,Electronics,Sony,SUP159,2677.82,3612.41,Active
PROD00323,Beatae Groceries,Groceries,Nike,SUP126,4524.4,5518.07,Active
PROD00324,Libero Clothing,Clothing,Adidas,SUP118,2398.77,2917.08,Active
PROD00325,Ipsum Groceries,Groceries,Nestle,SUP172,457.71,615.82,Active
PROD00326,Cum Sports,Sports,Amul,SUP190,2223.88,3546.21,Active
PROD00327,Dolor Sports,Sports,Philips,SUP076,3320.61,4935.93,Active
PROD00328,Error Home & Kitchen,Home & Kitchen,Puma,SUP080,4210.3,6067.98,Active
PROD00329,Iste Sports,Sports,Adidas,SUP141,1664.46,2117.61,Active
PROD00330,Numquam Groceries,Groceries,Philips,SUP197,2635.06,3112.04,Active
PROD00331,Facere Home & Kitchen,Home & Kitchen,Nike,SUP064,1765.39,2137.58,Active
PROD00332,Quaerat Sports,Sports,Dove,SUP156,2217.06,2611.31,Active
PROD00333,Voluptatibus Electronics,Electronics,Nike,SUP131,4382.99,5333.6,Active
PROD00334,Velit Sports,Sports,Puma,SUP086,1999.36,2598.94,Active
PROD00335,Tenetur Home & Kitchen,Home & Kitchen,Sony,SUP138,918.4,1053.97,Active
PROD00336,Ab Home & Kitchen,Home & Kitchen,Samsung,SUP079,4137.58,5528.78,Active
PROD00337,Incidunt Beauty,Beauty,Adidas,SUP139,1032.02,1513.85,Active
PROD00338,Delectus Beauty,Beauty,Sony,SUP138,100.6,111.28,Active
PROD00339,Deleniti Electronics,Electronics,Dove,SUP176,4821.26,6114.81,Active
PROD00340,Veniam Electronics,Electronics,Sony,SUP058,2720.74,3679.44,Active
PROD00341,Labore Home & Kitchen,Home & Kitchen,Nestle,SUP030,1602.8,2157.71,Active
PROD00342,Voluptatem Sports,Sports,Amul,SUP175,55.79,72.4,Active
PROD00343,Facere Groceries,Groceries,Adidas,SUP120,4992.18,7638.69,Active
PROD00344,Dolores Beauty,Beauty,Samsung,SUP137,1931.05,2596.61,Active
PROD00345,Quod Beauty,Beauty,Nike,SUP162,4025.81,5362.14,Active
PROD00346,Rem Groceries,Groceries,Adidas,SUP014,765.17,869.93,Active
PROD00347,Alias Home & Kitchen,Home & Kitchen,Adidas,SUP080,4626.47,6708.51,Active
PROD00348,Quaerat Beauty,Beauty,Puma,SUP106,3778.94,5605.71,Active
PROD00349,Incidunt Electronics,Electronics,Sony,SUP051,479.27,594.96,Active
PROD00350,Nulla Electronics,Electronics,LG,SUP003,3244.81,4434.11,Active
PROD00351,Sapiente Groceries,Groceries,Sony,SUP180,4168.87,5350.31,Active
PROD00352,Fuga Home & Kitchen,Home & Kitchen,Philips,SUP137,4137.99,5234.58,Active
PROD00353,Expedita Home & Kitchen,Home & Kitchen,Dove,SUP148,2444.09,3251.84,Active
PROD00354,Placeat Electronics,Electronics,Samsung,SUP105,1617.34,2444.36,Active
PROD00355,Consequatur Groceries,Groceries,Philips,SUP132,1771.65,1980.48,Active
PROD00356,Fugit Groceries,Groceries,Amul,SUP068,4567.27,6711.9,Active
PROD00357,Repellendus Sports,Sports,Samsung,SUP079,3196.54,4753.02,Active
PROD00358,Facilis Clothing,Clothing,Nestle,SUP030,343.68,458.68,Active
PROD00359,Quasi Electronics,Electronics,Sony,SUP075,1489.59,1786.11,Active
PROD00360,Dignissimos Beauty,Beauty,Samsung,SUP183,424.32,665.13,Active
PROD00361,Vero Sports,Sports,Adidas,SUP062,4768.07,5562.96,Active
PROD00362,Earum Electronics,Electronics,Puma,SUP060,4209.27,4699.63,Active
PROD00363,Distinctio Groceries,Groceries,Amul,SUP163,1537.26,1938.27,Active
PROD00364,Tenetur Beauty,Beauty,Nike,SUP142,174.07,236.91,Active
PROD00365,Iste Groceries,Groceries,Nike,SUP025,2633.13,3248.68,Active
PROD00366,Deserunt Sports,Sports,Philips,SUP052,1289.51,1446.59,Active
PROD00367,Ex Sports,Sports,Samsung,SUP001,1018.25,1466.95,Discontinued
PROD00368,Iusto Clothing,Clothing,Adidas,SUP146,2017.98,3194.27,Active
PROD00369,Fuga Electronics,Electronics,Samsung,SUP102,4671.26,6973.73,Active
PROD00370,Culpa Clothing,Clothing,Philips,SUP089,4906.61,7291.54,Active
PROD00371,Saepe Electronics,Electronics,Adidas,SUP114,2156.93,2910.1,Active
PROD00372,Modi Electronics,Electronics,Dove,SUP170,898.53,1348.14,Active
PROD00373,Pariatur Beauty,Beauty,Amul,SUP105,1122.94,1397.44,Active
PROD00374,Voluptates Beauty,Beauty,Puma,SUP138,1575.85,2060.45,Active
PROD00375,Magnam Home & Kitchen,Home & Kitchen,Puma,SUP055,831.26,1095.59,Active
PROD00376,Ipsam Home & Kitchen,Home & Kitchen,Philips,SUP122,4540.18,4997.99,Active
PROD00377,Eius Beauty,Beauty,Adidas,SUP139,1389.6,1887.66,Active
PROD00378,Consequuntur Groceries,Groceries,Nestle,SUP189,2770.52,3745.84,Active
PROD00379,Nisi Groceries,Groceries,Nestle,SUP182,1932.14,2422.16,Active
PROD00380,Corporis Clothing,Clothing,Amul,SUP122,3689.1,4833.0,Active
PROD00381,Veniam Groceries,Groceries,Dove,SUP150,1861.29,2158.6,Active
PROD00382,Molestiae Electronics,Electronics,Philips,SUP071,394.76,560.2,Active
PROD00383,Culpa Electronics,Electronics,Nike,SUP067,1005.42,1478.85,Active
PROD00384,Numquam Beauty,Beauty,Nestle,SUP019,1627.75,2431.62,Active
PROD00385,Modi Home & Kitchen,Home & Kitchen,Amul,SUP178,3802.08,4183.73,Active
PROD00386,Debitis Clothing,Clothing,Adidas,SUP163,1703.48,2040.06,Active
PROD00387,Voluptates Electronics,Electronics,LG,SUP031,4298.0,5524.02,Active
PROD00388,Nulla Home & Kitchen,Home & Kitchen,LG,SUP188,389.36,591.54,Active
PROD00389,Ipsa Clothing,Clothing,Nike,SUP020,2639.2,2990.31,Active
PROD00390,Nobis Beauty,Beauty,Puma,SUP129,1219.14,1475.47,Active
PROD00391,Ad Electronics,Electronics,LG,SUP024,1011.98,1381.48,Active
PROD00392,Dolorum Clothing,Clothing,LG,SUP128,1546.57,1967.93,Active
PROD00393,Nobis Electronics,Electronics,Philips,SUP039,1585.49,1786.68,Active
PROD00394,Deleniti Clothing,Clothing,Philips,SUP047,1634.73,1998.19,Active
PROD00395,Quis Electronics,Electronics,Samsung,SUP092,3959.7,6149.36,Active
PROD00396,Aut Sports,Sports,Puma,SUP157,2610.11,3704.69,Active
PROD00397,Est Clothing,Clothing,Sony,SUP164,1247.23,1410.81,Active
PROD00398,Ipsa Clothing,Clothing,Nestle,SUP025,3600.24,4424.74,Active
PROD00399,Ipsam Electronics,Electronics,Samsung,SUP161,838.75,1102.28,Active
PROD00400,Corporis Groceries,Groceries,Sony,SUP162,1223.13,1527.05,Active
PROD00401,Omnis Home & Kitchen,Home & Kitchen,Amul,SUP177,4127.41,6238.95,Active
PROD00402,Dignissimos Electronics,Electronics,Nestle,SUP171,3697.34,5568.28,Active
PROD00403,Unde Electronics,Electronics,Dove,SUP057,841.29,961.28,Active
PROD00404,Quam Electronics,Electronics,Dove,SUP196,2943.34,4408.68,Active
PROD00405,Quos Beauty,Beauty,Amul,SUP186,781.66,1175.3,Active
PROD00406,Nam Clothing,Clothing,LG,SUP042,3261.35,4480.6,Active
PROD00407,Impedit Clothing,Clothing,LG,SUP024,4742.93,5836.42,Active
PROD00408,Dicta Sports,Sports,Amul,SUP039,2710.43,3262.49,Active
PROD00409,Beatae Electronics,Electronics,Nike,SUP159,2713.15,4319.84,Active
PROD00410,Rem Electronics,Electronics,Philips,SUP002,2180.67,3220.59,Active
PROD00411,Ullam Groceries,Groceries,Puma,SUP134,3501.95,4937.67,Active
PROD00412,Culpa Electronics,Electronics,Amul,SUP184,124.21,161.09,Active
PROD00413,Veritatis Sports,Sports,Samsung,SUP143,2923.09,4063.65,Active
PROD00414,Eum Clothing,Clothing,LG,SUP144,3819.95,5758.56,Active
PROD00415,Praesentium Groceries,Groceries,Adidas,SUP081,197.61,223.66,Active
PROD00416,Neque Sports,Sports,Nestle,SUP120,3155.19,4209.48,Active
PROD00417,Rerum Home & Kitchen,Home & Kitchen,Nike,SUP050,1933.67,2503.45,Active
PROD00418,Provident Home & Kitchen,Home & Kitchen,Amul,SUP133,1556.35,2390.75,Active
PROD00419,Tempore Electronics,Electronics,LG,SUP002,2256.54,3056.82,Active
PROD00420,Repudiandae Electronics,Electronics,Nike,SUP082,4384.54,5839.52,Active
PROD00421,Repudiandae Clothing,Clothing,Puma,SUP129,3941.96,4841.67,Discontinued
PROD00422,Ex Beauty,Beauty,Samsung,SUP154,2104.6,3320.6,Active
PROD00423,Asperiores Electronics,Electronics,Adidas,SUP033,1978.86,2345.98,Active
PROD00424,Est Groceries,Groceries,Samsung,SUP116,4347.85,6339.17,Active
PROD00425,Provident Home & Kitchen,Home & Kitchen,LG,SUP138,565.77,754.47,Active
PROD00426,Facere Electronics,Electronics,LG,SUP188,3809.02,5696.4,Active
PROD00427,Rem Clothing,Clothing,Philips,SUP011,1219.73,1598.78,Active
PROD00428,Nihil Sports,Sports,Samsung,SUP104,2302.47,2836.88,Active
PROD00429,Qui Groceries,Groceries,Philips,SUP013,589.21,698.86,Active
PROD00430,Labore Groceries,Groceries,LG,SUP121,390.36,570.77,Active
PROD00431,Temporibus Beauty,Beauty,Samsung,SUP197,2210.45,3429.74,Active
PROD00432,Accusantium Sports,Sports,LG,SUP040,2869.36,3595.14,Active
PROD00433,Vero Beauty,Beauty,Puma,SUP001,4221.88,6246.62,Active
PROD00434,Voluptate Beauty,Beauty,Nestle,SUP078,4119.09,4955.15,Active
PROD00435,Impedit Beauty,Beauty,Dove,SUP091,2261.41,3173.98,Active
PROD00436,Quidem Home & Kitchen,Home & Kitchen,Samsung,SUP126,2336.84,2587.58,Active
PROD00437,Exercitationem Clothing,Clothing,Puma,SUP101,203.44,234.84,Active
PROD00438,Pariatur Groceries,Groceries,Philips,SUP197,4773.48,6155.59,Active
PROD00439,Quae Sports,Sports,Nestle,SUP079,2833.37,3529.49,Active
PROD00440,Dolor Sports,Sports,Sony,SUP029,4795.54,6326.69,Active
PROD00441,Quo Beauty,Beauty,Samsung,SUP113,2942.57,4273.51,Active
PROD00442,Impedit Groceries,Groceries,Nike,SUP003,1661.11,1885.05,Active
PROD00443,Consequuntur Groceries,Groceries,LG,SUP012,3033.94,3858.74,Discontinued
PROD00444,Labore Groceries,Groceries,Adidas,SUP037,210.76,330.26,Active
PROD00445,Officia Sports,Sports,Nestle,SUP134,1832.61,2625.33,Active
PROD00446,Dolorem Home & Kitchen,Home & Kitchen,Sony,SUP037,1508.14,2190.06,Active
PROD00447,Dignissimos Groceries,Groceries,Philips,SUP108,3912.7,6211.75,Active
PROD00448,Reiciendis Sports,Sports,Puma,SUP093,304.13,340.84,Active
PROD00449,Cupiditate Home & Kitchen,Home & Kitchen,Puma,SUP139,3740.81,5035.04,Active
PROD00450,Nisi Beauty,Beauty,Nestle,SUP182,656.27,932.81,Active
PROD00451,Fuga Beauty,Beauty,LG,SUP191,1845.23,2109.01,Active
PROD00452,Culpa Beauty,Beauty,Samsung,SUP144,3277.95,4711.16,Active
PROD00453,Voluptates Home & Kitchen,Home & Kitchen,Puma,SUP034,1347.96,2148.31,Active
PROD00454,Quos Clothing,Clothing,Nestle,SUP154,776.1,995.64,Active
PROD00455,Vel Home & Kitchen,Home & Kitchen,Adidas,SUP141,2023.44,3065.44,Active
PROD00456,Aliquid Sports,Sports,Dove,SUP164,1180.04,1457.67,Active
PROD00457,Nisi Sports,Sports,Puma,SUP009,2573.22,4006.86,Active
PROD00458,Dolorum Beauty,Beauty,Puma,SUP133,2239.24,3459.39,Active
PROD00459,Rerum Clothing,Clothing,Sony,SUP105,2455.41,3667.13,Active
PROD00460,Dignissimos Clothing,Clothing,Amul,SUP114,702.5,786.28,Active
PROD00461,Exercitationem Groceries,Groceries,Amul,SUP074,4873.55,7489.75,Active
PROD00462,Deserunt Electronics,Electronics,Amul,SUP018,1713.94,1932.08,Active
PROD00463,Quisquam Clothing,Clothing,LG,SUP053,2322.08,3221.66,Active
PROD00464,Doloribus Sports,Sports,Dove,SUP079,2272.57,2563.15,Active
PROD00465,Fugit Sports,Sports,Philips,SUP162,1707.18,2316.7,Active
PROD00466,Natus Beauty,Beauty,Dove,SUP193,445.61,709.44,Active
PROD00467,Officia Sports,Sports,Adidas,SUP110,427.61,542.63,Active
PROD00468,Dolores Beauty,Beauty,Philips,SUP064,3872.06,5416.22,Active
PROD00469,Molestiae Clothing,Clothing,Sony,SUP074,1664.91,2310.9,Active
PROD00470,Consequuntur Sports,Sports,Adidas,SUP187,4464.52,6068.36,Active
PROD00471,Est Groceries,Groceries,Nestle,SUP172,3782.7,5528.36,Active
PROD00472,Soluta Clothing,Clothing,Puma,SUP169,3176.52,3971.11,Active
PROD00473,Laudantium Home & Kitchen,Home & Kitchen,Amul,SUP149,2583.79,3451.26,Active
PROD00474,Sit Home & Kitchen,Home & Kitchen,Philips,SUP194,1571.91,2438.11,Active
PROD00475,Cupiditate Groceries,Groceries,Puma,SUP040,2969.32,3895.18,Active
PROD00476,Iste Clothing,Clothing,Puma,SUP059,3814.7,4674.81,Active
PROD00477,Voluptatum Sports,Sports,Sony,SUP018,338.46,535.02,Active
PROD00478,Iste Home & Kitchen,Home & Kitchen,Nestle,SUP190,585.98,685.94,Active
PROD00479,Totam Beauty,Beauty,Dove,SUP027,3482.92,4709.05,Active
PROD00480,Aliquam Beauty,Beauty,Sony,SUP046,1534.69,1989.48,Active
PROD00481,Amet Beauty,Beauty,Samsung,SUP161,4424.03,5266.08,Active
PROD00482,Cum Beauty,Beauty,Nike,SUP008,1604.69,1785.88,Active
PROD00483,Aliquam Sports,Sports,LG,SUP181,121.6,137.08,Active
PROD00484,Illum Clothing,Clothing,Adidas,SUP049,4973.33,5919.17,Active
PROD00485,Fugit Beauty,Beauty,Puma,SUP184,4847.73,6207.08,Discontinued
PROD00486,Aut Home & Kitchen,Home & Kitchen,Adidas,SUP166,3227.93,3967.68,Active
PROD00487,Sed Electronics,Electronics,Sony,SUP191,1190.68,1754.29,Active
PROD00488,Rem Sports,Sports,Sony,SUP078,203.41,294.3,Active
PROD00489,Fuga Clothing,Clothing,Puma,SUP162,3207.37,4734.35,Active
PROD00490,Harum Electronics,Electronics,Amul,SUP015,1715.25,2680.31,Active
PROD00491,Non Beauty,Beauty,Dove,SUP043,1713.72,2060.21,Active
PROD00492,Adipisci Electronics,Electronics,Amul,SUP067,2729.84,3891.6,Active
PROD00493,Quo Groceries,Groceries,Sony,SUP118,2712.15,3208.02,Active
PROD00494,Est Sports,Sports,Philips,SUP062,1351.66,2007.14,Active
PROD00495,Velit Home & Kitchen,Home & Kitchen,Amul,SUP004,4619.74,5667.15,Active
PROD00496,Deleniti Clothing,Clothing,Amul,SUP019,4301.84,6877.11,Active
PROD00497,Occaecati Clothing,Clothing,Adidas,SUP123,1209.03,1355.21,Active
PROD00498,A Groceries,Groceries,Samsung,SUP020,3273.64,4829.78,Active
PROD00499,Ducimus Home & Kitchen,Home & Kitchen,Nike,SUP125,1423.91,1783.25,Active
PROD00500,Illum Groceries,Groceries,Amul,SUP050,3665.3,4340.64,Active
PROD00501,Inventore Sports,Sports,Sony,SUP069,1329.36,1819.96,Active
PROD00502,Necessitatibus Beauty,Beauty,Amul,SUP184,593.02,944.13,Active
PROD00503,Odit Groceries,Groceries,Dove,SUP100,925.72,1066.04,Active
PROD00504,Temporibus Home & Kitchen,Home & Kitchen,Sony,SUP024,1081.0,1330.58,Active
PROD00505,Vel Clothing,Clothing,Adidas,SUP004,2241.87,3454.17,Active
PROD00506,Unde Home & Kitchen,Home & Kitchen,Adidas,SUP074,3104.34,3962.56,Active
PROD00507,Quis Beauty,Beauty,Puma,SUP104,1014.21,1277.83,Active
PROD00508,Laboriosam Clothing,Clothing,Nike,SUP042,1787.7,2286.59,Active
PROD00509,Recusandae Clothing,Clothing,Amul,SUP027,3661.98,5177.61,Active
PROD00510,Dolor Home & Kitchen,Home & Kitchen,Samsung,SUP049,2015.73,3213.94,Active
PROD00511,Commodi Home & Kitchen,Home & Kitchen,Philips,SUP196,3458.88,5432.95,Active
PROD00512,Tempora Home & Kitchen,Home & Kitchen,Philips,SUP080,3222.7,3806.32,Active
PROD00513,Eaque Beauty,Beauty,Dove,SUP139,3837.78,4323.52,Active
PROD00514,Nihil Electronics,Electronics,Puma,SUP200,4743.39,7112.56,Active
PROD00515,Non Clothing,Clothing,LG,SUP118,721.87,971.53,Active
PROD00516,Nihil Clothing,Clothing,Dove,SUP131,949.06,1286.01,Active
PROD00517,Est Clothing,Clothing,Sony,SUP157,333.08,458.58,Active
PROD00518,Qui Clothing,Clothing,Samsung,SUP103,1563.91,2142.78,Active
PROD00519,Fugiat Clothing,Clothing,Sony,SUP138,2499.58,3495.49,Active
PROD00520,Esse Groceries,Groceries,Puma,SUP180,3472.03,4642.95,Active
PROD00521,Voluptatem Sports,Sports,Dove,SUP062,2757.12,3678.99,Active
PROD00522,Est Home & Kitchen,Home & Kitchen,Philips,SUP029,2331.29,3090.03,Active
PROD00523,Odit Beauty,Beauty,LG,SUP041,3137.16,4826.1,Active
PROD00524,Officia Clothing,Clothing,Adidas,SUP154,3775.81,4908.6,Active
PROD00525,Vel Sports,Sports,Puma,SUP100,2668.34,4006.05,Active
PROD00526,Aliquid Home & Kitchen,Home & Kitchen,Philips,SUP167,890.73,1069.02,Active
PROD00527,Totam Groceries,Groceries,Dove,SUP054,1516.39,1909.72,Active
PROD00528,Voluptate Beauty,Beauty,Samsung,SUP042,956.72,1116.56,Active
PROD00529,Tempora Beauty,Beauty,Nike,SUP021,2463.45,2897.75,Active
PROD00530,Voluptatem Clothing,Clothing,Amul,SUP128,3299.68,4000.0,Active
PROD00531,Rerum Home & Kitchen,Home & Kitchen,Dove,SUP105,1511.65,2396.28,Active
PROD00532,Pariatur Home & Kitchen,Home & Kitchen,Nestle,SUP149,2843.22,3631.65,Discontinued
PROD00533,Facere Groceries,Groceries,Dove,SUP028,195.01,285.76,Active
PROD00534,Officia Electronics,Electronics,Amul,SUP069,262.05,367.58,Active
PROD00535,Repellendus Beauty,Beauty,Nike,SUP153,4779.09,7595.17,Active
PROD00536,Dolorum Home & Kitchen,Home & Kitchen,Adidas,SUP016,112.83,145.45,Active
PROD00537,Minus Groceries,Groceries,Nestle,SUP072,807.94,905.94,Active
PROD00538,Aut Sports,Sports,Nestle,SUP034,4012.16,6027.46,Active
PROD00539,Aperiam Beauty,Beauty,LG,SUP180,1943.98,2844.27,Active
PROD00540,Alias Clothing,Clothing,Puma,SUP198,4264.51,6189.86,Active
PROD00541,Molestiae Sports,Sports,Dove,SUP039,283.56,452.23,Active
PROD00542,Voluptatibus Groceries,Groceries,Adidas,SUP103,2024.56,2377.25,Active
PROD00543,Vitae Home & Kitchen,Home & Kitchen,LG,SUP185,746.0,1030.47,Active
PROD00544,Molestiae Home & Kitchen,Home & Kitchen,Samsung,SUP093,1594.22,2305.9,Active
PROD00545,Consectetur Beauty,Beauty,Amul,SUP054,2229.21,2849.52,Active
PROD00546,Quidem Electronics,Electronics,Puma,SUP149,305.65,428.71,Active
PROD00547,At Clothing,Clothing,Samsung,SUP060,247.4,387.76,Active
PROD00548,Molestiae Home & Kitchen,Home & Kitchen,Amul,SUP063,714.29,990.99,Active
PROD00549,Nihil Electronics,Electronics,Philips,SUP076,2295.81,3328.05,Active
PROD00550,Doloribus Electronics,Electronics,Dove,SUP048,3399.29,4891.35,Active
PROD00551,Voluptate Clothing,Clothing,Puma,SUP027,4485.37,5958.98,Active
PROD00552,Accusamus Clothing,Clothing,Nike,SUP079,2924.18,3942.92,Active
PROD00553,Autem Home & Kitchen,Home & Kitchen,Dove,SUP004,4143.72,5164.59,Discontinued
PROD00554,Possimus Electronics,Electronics,Sony,SUP184,1793.72,1992.4,Active
PROD00555,Culpa Beauty,Beauty,Adidas,SUP091,3925.71,5190.64,Active
PROD00556,Illum Beauty,Beauty,Dove,SUP074,548.44,866.56,Active
PROD00557,Quod Sports,Sports,Nestle,SUP110,2159.03,2505.52,Active
PROD00558,Quam Sports,Sports,Philips,SUP149,2541.21,3292.79,Active
PROD00559,Praesentium Electronics,Electronics,Adidas,SUP050,2652.43,3709.6,Active
PROD00560,Quod Beauty,Beauty,Nike,SUP047,697.8,839.8,Active
PROD00561,Maxime Clothing,Clothing,Puma,SUP024,1584.99,2428.66,Active
PROD00562,Minima Beauty,Beauty,Dove,SUP022,2361.28,2694.54,Active
PROD00563,Porro Electronics,Electronics,Amul,SUP042,1079.62,1500.94,Active
PROD00564,Distinctio Clothing,Clothing,Philips,SUP077,4322.84,5373.29,Active
PROD00565,Odit Groceries,Groceries,LG,SUP058,3195.95,4787.74,Active
PROD00566,Minus Groceries,Groceries,Nike,SUP026,1823.33,2850.24,Active
PROD00567,Autem Groceries,Groceries,LG,SUP062,2317.65,2935.83,Active
PROD00568,Necessitatibus Home & Kitchen,Home & Kitchen,Dove,SUP110,2909.94,3635.24,Active
PROD00569,Aut Sports,Sports,Sony,SUP080,1413.77,1863.0,Active
PROD00570,Inventore Home & Kitchen,Home & Kitchen,Nestle,SUP188,4684.45,6991.2,Active
PROD00571,Quod Beauty,Beauty,Nike,SUP014,3218.05,4029.23,Active
PROD00572,Ea Groceries,Groceries,Puma,SUP116,1539.33,2102.43,Active
PROD00573,Dolorum Beauty,Beauty,Puma,SUP198,2061.46,2776.97,Active
PROD00574,Beatae Electronics,Electronics,Philips,SUP148,4732.36,5685.24,Active
PROD00575,Numquam Sports,Sports,Philips,SUP054,2211.89,3187.15,Active
PROD00576,Incidunt Home & Kitchen,Home & Kitchen,Samsung,SUP040,3493.91,4380.1,Active
PROD00577,Et Groceries,Groceries,Nestle,SUP081,4777.8,6886.67,Active
PROD00578,Placeat Sports,Sports,Amul,SUP053,413.71,527.15,Active
PROD00579,Minima Clothing,Clothing,Puma,SUP123,1856.67,2260.45,Active
PROD00580,Aliquid Beauty,Beauty,Samsung,SUP132,3093.05,3850.05,Active
PROD00581,Soluta Groceries,Groceries,Nestle,SUP145,4480.11,6579.01,Active
PROD00582,Adipisci Sports,Sports,Puma,SUP155,1103.94,1384.21,Active
PROD00583,Repellat Clothing,Clothing,Sony,SUP160,1807.65,2145.48,Active
PROD00584,Inventore Clothing,Clothing,Amul,SUP117,395.52,584.8,Active
PROD00585,Sunt Beauty,Beauty,Amul,SUP053,1226.44,1896.22,Active
PROD00586,Iusto Groceries,Groceries,Dove,SUP100,4164.9,5434.22,Active
PROD00587,Sequi Clothing,Clothing,Nestle,SUP053,1962.61,2764.85,Active
PROD00588,Quia Groceries,Groceries,Sony,SUP107,4083.1,4530.28,Active
PROD00589,Tempore Groceries,Groceries,Nike,SUP194,1242.06,1610.7,Active
PROD00590,Deserunt Groceries,Groceries,Sony,SUP147,3638.63,5368.34,Active
PROD00591,Consectetur Beauty,Beauty,Adidas,SUP004,563.85,900.44,Active
PROD00592,Deleniti Clothing,Clothing,Amul,SUP025,571.38,856.18,Active
PROD00593,Ullam Groceries,Groceries,Adidas,SUP111,2591.39,3941.66,Active
PROD00594,Assumenda Electronics,Electronics,LG,SUP023,404.14,600.24,Active
PROD00595,Assumenda Home & Kitchen,Home & Kitchen,Nestle,SUP176,2100.65,2313.28,Active
PROD00596,Placeat Sports,Sports,Philips,SUP169,2039.68,2491.73,Active
PROD00597,Quos Beauty,Beauty,LG,SUP122,2654.35,3134.14,Active
PROD00598,Nesciunt Beauty,Beauty,Dove,SUP089,4051.37,4905.71,Active
PROD00599,Quod Sports,Sports,Dove,SUP172,2692.51,4161.28,Active
PROD00600,Dolor Groceries,Groceries,Nike,SUP129,259.85,364.52,Active
PROD00601,Et Clothing,Clothing,Nike,SUP059,2627.16,3888.26,Discontinued
PROD00602,Delectus Clothing,Clothing,Philips,SUP104,1254.49,1779.23,Active
PROD00603,Atque Home & Kitchen,Home & Kitchen,LG,SUP122,2687.97,3714.68,Active
PROD00604,Aliquam Electronics,Electronics,Philips,SUP019,2800.43,4003.48,Active
PROD00605,Exercitationem Groceries,Groceries,Dove,SUP190,1030.75,1613.92,Active
PROD00606,Ipsam Clothing,Clothing,Amul,SUP188,4314.42,6842.2,Active
PROD00607,Esse Electronics,Electronics,Nike,SUP021,2543.49,3784.83,Active
PROD00608,Quos Clothing,Clothing,Dove,SUP194,2819.29,3488.97,Active
PROD00609,Delectus Electronics,Electronics,Philips,SUP075,1710.18,2407.05,Active
PROD00610,Hic Sports,Sports,LG,SUP104,3787.08,5114.87,Active
PROD00611,Velit Electronics,Electronics,Philips,SUP062,638.13,802.08,Active
PROD00612,Laborum Sports,Sports,Sony,SUP032,2024.58,2942.67,Active
PROD00613,Assumenda Home & Kitchen,Home & Kitchen,LG,SUP080,1086.66,1274.19,Active
PROD00614,Laboriosam Electronics,Electronics,Nike,SUP023,2923.8,3508.72,Active
PROD00615,Quod Clothing,Clothing,Nike,SUP163,2389.31,3151.24,Active
PROD00616,Nesciunt Beauty,Beauty,Sony,SUP156,1244.86,1772.61,Active
PROD00617,Temporibus Groceries,Groceries,Samsung,SUP117,814.09,1057.54,Active
PROD00618,Accusamus Beauty,Beauty,Puma,SUP183,3975.75,6038.97,Active
PROD00619,Tenetur Electronics,Electronics,Nestle,SUP189,1985.98,3003.12,Active
PROD00620,Aliquam Beauty,Beauty,Nestle,SUP135,2982.54,3657.3,Active
PROD00621,Tempora Beauty,Beauty,Nestle,SUP145,3660.56,5016.86,Active
PROD00622,Vero Home & Kitchen,Home & Kitchen,Nike,SUP023,1018.76,1570.9,Active
PROD00623,Aliquid Clothing,Clothing,Dove,SUP113,4573.36,7181.18,Active
PROD00624,Fugit Sports,Sports,Amul,SUP102,89.03,108.44,Active
PROD00625,Eligendi Groceries,Groceries,Nike,SUP036,604.66,896.24,Active
PROD00626,Sunt Home & Kitchen,Home & Kitchen,Adidas,SUP082,2026.02,2934.69,Active
PROD00627,Labore Beauty,Beauty,LG,SUP173,1449.56,2220.75,Active
PROD00628,Aliquid Sports,Sports,Samsung,SUP099,3152.69,3757.49,Active
PROD00629,Distinctio Home & Kitchen,Home & Kitchen,Philips,SUP154,1761.17,2715.59,Active
PROD00630,Aliquid Home & Kitchen,Home & Kitchen,Amul,SUP113,3879.02,4396.54,Active
PROD00631,Delectus Sports,Sports,Puma,SUP009,4119.57,4641.3,Active
PROD00632,Animi Home & Kitchen,Home & Kitchen,Puma,SUP131,2457.87,3829.75,Active
PROD00633,Possimus Clothing,Clothing,Nestle,SUP154,450.29,669.91,Active
PROD00634,Quos Groceries,Groceries,Dove,SUP028,2861.51,3362.64,Active
PROD00635,Voluptates Home & Kitchen,Home & Kitchen,Adidas,SUP168,2831.75,4407.05,Active
PROD00636,Placeat Clothing,Clothing,Nike,SUP184,4168.22,6143.28,Active
PROD00637,Iure Groceries,Groceries,Samsung,SUP085,1312.51,1506.07,Active
PROD00638,Veniam Electronics,Electronics,LG,SUP142,2779.93,4414.47,Active
PROD00639,Sequi Home & Kitchen,Home & Kitchen,Dove,SUP157,4587.02,5297.36,Active
PROD00640,Quas Sports,Sports,Samsung,SUP009,1321.03,1744.46,Active
PROD00641,Voluptate Home & Kitchen,Home & Kitchen,Amul,SUP153,1260.31,1596.98,Active
PROD00642,Nemo Home & Kitchen,Home & Kitchen,Puma,SUP147,4431.14,6302.59,Active
PROD00643,Rem Sports,Sports,Nike,SUP191,2183.68,3128.52,Active
PROD00644,Quisquam Clothing,Clothing,Sony,SUP068,1316.0,1592.93,Active
PROD00645,Nemo Sports,Sports,Nike,SUP164,2094.97,2525.56,Discontinued
PROD00646,Labore Home & Kitchen,Home & Kitchen,Puma,SUP175,1034.47,1599.56,Active
PROD00647,Magnam Home & Kitchen,Home & Kitchen,Puma,SUP061,4895.3,6427.07,Active
PROD00648,Optio Home & Kitchen,Home & Kitchen,Philips,SUP071,4897.53,6699.17,Active
PROD00649,Cupiditate Beauty,Beauty,Samsung,SUP139,4948.33,6853.49,Active
PROD00650,Reiciendis Electronics,Electronics,Nestle,SUP064,1475.66,1651.29,Active
PROD00651,Corrupti Home & Kitchen,Home & Kitchen,Philips,SUP172,3688.37,4397.51,Active
PROD00652,Repellendus Clothing,Clothing,Amul,SUP085,4091.59,6362.22,Active
PROD00653,Deserunt Clothing,Clothing,Samsung,SUP055,3940.45,4509.53,Active
PROD00654,Iure Clothing,Clothing,Philips,SUP118,2562.36,3270.96,Active
PROD00655,Id Home & Kitchen,Home & Kitchen,Dove,SUP046,4009.73,5700.5,Active
PROD00656,Doloremque Electronics,Electronics,Sony,SUP017,784.43,867.8,Active
PROD00657,Porro Sports,Sports,Dove,SUP100,2786.59,3297.18,Active
PROD00658,Accusamus Sports,Sports,Dove,SUP160,2772.87,3894.13,Active
PROD00659,Tenetur Beauty,Beauty,Nike,SUP132,4865.49,6577.45,Active
PROD00660,Aliquam Clothing,Clothing,Amul,SUP134,2064.62,2986.81,Active
PROD00661,Tempora Home & Kitchen,Home & Kitchen,Samsung,SUP187,4902.51,5942.24,Active
PROD00662,Dolor Electronics,Electronics,Nike,SUP014,3189.81,3869.23,Discontinued
PROD00663,Aut Beauty,Beauty,Nike,SUP118,4540.21,5330.21,Active
PROD00664,Temporibus Clothing,Clothing,Adidas,SUP089,4591.59,7272.21,Active
PROD00665,Dolores Sports,Sports,Sony,SUP088,3582.41,4233.82,Active
PROD00666,Maiores Sports,Sports,Adidas,SUP040,1195.66,1803.38,Active
PROD00667,Aliquid Sports,Sports,Adidas,SUP156,4403.74,5073.23,Active
PROD00668,Velit Beauty,Beauty,Samsung,SUP200,1430.8,1906.49,Active
PROD00669,Ab Sports,Sports,Philips,SUP030,4861.15,5495.17,Active
PROD00670,Minima Beauty,Beauty,Samsung,SUP151,1490.46,2248.78,Discontinued
PROD00671,Iure Home & Kitchen,Home & Kitchen,Dove,SUP113,2257.83,2817.57,Active
PROD00672,Amet Sports,Sports,Amul,SUP015,364.29,498.37,Active
PROD00673,Iste Electronics,Electronics,LG,SUP179,3054.93,4441.72,Active
PROD00674,Cupiditate Sports,Sports,Sony,SUP128,1568.28,2479.22,Active
PROD00675,Cumque Groceries,Groceries,Amul,SUP132,3102.04,4868.73,Active
PROD00676,Optio Clothing,Clothing,Puma,SUP100,476.49,648.18,Active
PROD00677,Veniam Clothing,Clothing,Nestle,SUP116,322.19,363.61,Active
PROD00678,Officiis Sports,Sports,Nestle,SUP147,3780.68,4748.63,Active
PROD00679,Deleniti Sports,Sports,Samsung,SUP137,3346.35,3838.64,Active
PROD00680,Ex Beauty,Beauty,Nestle,SUP161,4708.66,6000.68,Active
PROD00681,Voluptatibus Beauty,Beauty,Nestle,SUP051,3278.56,4577.57,Active
PROD00682,Eos Clothing,Clothing,Nestle,SUP083,1051.75,1613.52,Active
PROD00683,Doloremque Beauty,Beauty,Amul,SUP111,1060.77,1383.12,Active
PROD00684,Atque Beauty,Beauty,Amul,SUP156,1170.05,1813.95,Active
PROD00685,Beatae Clothing,Clothing,Philips,SUP117,639.48,708.55,Active
PROD00686,Quaerat Groceries,Groceries,Dove,SUP170,227.46,321.74,Active
PROD00687,Explicabo Beauty,Beauty,Amul,SUP190,3037.73,3700.02,Active
PROD00688,Impedit Clothing,Clothing,Nike,SUP069,313.96,349.61,Active
PROD00689,Ex Sports,Sports,Philips,SUP071,1195.04,1784.94,Active
PROD00690,Delectus Home & Kitchen,Home & Kitchen,Adidas,SUP111,3660.7,4753.44,Active
PROD00691,Facere Sports,Sports,Samsung,SUP112,1627.78,2317.94,Active
PROD00692,Rerum Clothing,Clothing,Nestle,SUP139,2547.66,3376.1,Active
PROD00693,Est Home & Kitchen,Home & Kitchen,Nike,SUP065,2369.74,3061.09,Active
PROD00694,Vitae Home & Kitchen,Home & Kitchen,LG,SUP151,3191.89,3906.06,Active
PROD00695,Neque Groceries,Groceries,Sony,SUP044,342.8,443.75,Active
PROD00696,Facere Sports,Sports,Adidas,SUP017,4115.17,5772.3,Active
PROD00697,Quod Clothing,Clothing,Nike,SUP022,2230.86,3359.3,Active
PROD00698,Consequuntur Beauty,Beauty,Dove,SUP018,2539.69,3951.46,Active
PROD00699,Temporibus Home & Kitchen,Home & Kitchen,Adidas,SUP111,2238.32,3028.79,Active
PROD00700,Laudantium Sports,Sports,Amul,SUP131,3271.65,4203.92,Active
PROD00701,Eveniet Home & Kitchen,Home & Kitchen,Nike,SUP111,3867.52,5781.15,Active
PROD00702,Modi Beauty,Beauty,Nestle,SUP058,1463.68,1815.18,Active
PROD00703,Culpa Electronics,Electronics,Nike,SUP013,1264.94,1608.03,Active
PROD00704,Omnis Electronics,Electronics,Samsung,SUP003,502.9,723.93,Active
PROD00705,Maxime Home & Kitchen,Home & Kitchen,Adidas,SUP024,2854.38,4422.28,Active
PROD00706,Fugit Sports,Sports,Puma,SUP011,943.77,1070.95,Active
PROD00707,Tempore Clothing,Clothing,Adidas,SUP011,1949.98,2974.92,Active
PROD00708,Quod Clothing,Clothing,Philips,SUP009,246.19,340.43,Discontinued
PROD00709,Blanditiis Sports,Sports,Nike,SUP174,3370.56,4763.22,Active
PROD00710,Hic Sports,Sports,Samsung,SUP064,3476.71,4854.96,Active
PROD00711,Quisquam Beauty,Beauty,Samsung,SUP148,1349.75,1795.67,Active
PROD00712,Enim Electronics,Electronics,Puma,SUP071,1762.77,2170.02,Active
PROD00713,Facere Clothing,Clothing,Dove,SUP029,3222.92,4332.56,Active
PROD00714,Tempora Groceries,Groceries,Amul,SUP172,3270.49,4391.4,Active
PROD00715,Quisquam Sports,Sports,Nike,SUP186,599.26,854.57,Active
PROD00716,Id Beauty,Beauty,Sony,SUP160,2614.46,3770.52,Active
PROD00717,Enim Electronics,Electronics,Philips,SUP084,326.61,379.89,Active
PROD00718,Earum Groceries,Groceries,Nestle,SUP167,3804.19,5994.63,Active
PROD00719,Voluptatem Home & Kitchen,Home & Kitchen,Samsung,SUP198,98.43,138.89,Active
PROD00720,Nesciunt Beauty,Beauty,Nestle,SUP013,2887.83,4205.3,Active
PROD00721,Ad Sports,Sports,Dove,SUP012,2502.48,3923.58,Active
PROD00722,Fuga Beauty,Beauty,Nestle,SUP050,2060.33,2627.04,Active
PROD00723,Laborum Sports,Sports,Sony,SUP077,1384.64,1756.15,Active
PROD00724,Temporibus Clothing,Clothing,Adidas,SUP069,856.72,1162.53,Active
PROD00725,Culpa Sports,Sports,Nike,SUP185,4629.63,6959.47,Active
PROD00726,Dignissimos Electronics,Electronics,Amul,SUP041,1886.5,2332.55,Active
PROD00727,Dolores Beauty,Beauty,LG,SUP143,3614.34,4026.82,Active
PROD00728,Beatae Beauty,Beauty,Sony,SUP187,3549.36,4697.89,Active
PROD00729,Neque Clothing,Clothing,Sony,SUP011,4034.37,5319.46,Active
PROD00730,Laborum Groceries,Groceries,LG,SUP133,1010.18,1172.01,Active
PROD00731,Veritatis Beauty,Beauty,LG,SUP029,709.11,950.23,Active
PROD00732,Dolorum Electronics,Electronics,Nike,SUP025,664.71,853.18,Active
PROD00733,Voluptatem Clothing,Clothing,LG,SUP010,4946.65,5894.36,Active
PROD00734,Praesentium Groceries,Groceries,Adidas,SUP151,1505.38,1732.82,Active
PROD00735,Voluptatum Home & Kitchen,Home & Kitchen,LG,SUP175,4374.53,4847.85,Active
PROD00736,Culpa Beauty,Beauty,LG,SUP014,4398.32,5618.81,Active
PROD00737,Numquam Beauty,Beauty,Amul,SUP169,267.24,425.43,Active
PROD00738,Doloribus Sports,Sports,Nike,SUP055,4903.06,6478.52,Active
PROD00739,Quo Electronics,Electronics,Samsung,SUP190,2525.83,2958.59,Active
PROD00740,Id Electronics,Electronics,Nike,SUP052,1189.47,1729.31,Active
PROD00741,Eveniet Sports,Sports,Philips,SUP135,420.15,482.1,Active
PROD00742,Sint Sports,Sports,Sony,SUP175,1663.4,2185.36,Active
PROD00743,Illum Beauty,Beauty,Adidas,SUP139,4351.39,5515.25,Active
PROD00744,Perspiciatis Home & Kitchen,Home & Kitchen,Philips,SUP059,4565.44,5864.44,Active
PROD00745,Aliquam Sports,Sports,Dove,SUP166,66.11,103.49,Active
PROD00746,Velit Groceries,Groceries,Samsung,SUP112,4134.75,5543.23,Active
PROD00747,Aliquam Sports,Sports,Amul,SUP007,1158.18,1613.92,Active
PROD00748,Hic Electronics,Electronics,Amul,SUP080,3834.79,4269.03,Active
PROD00749,In Clothing,Clothing,LG,SUP026,4743.6,7516.89,Active
PROD00750,Rem Electronics,Electronics,LG,SUP066,4768.04,6638.81,Active
PROD00751,Excepturi Groceries,Groceries,Puma,SUP053,165.78,205.81,Active
PROD00752,Repellat Clothing,Clothing,LG,SUP041,1911.69,2500.97,Active
PROD00753,Ipsam Electronics,Electronics,LG,SUP130,4644.1,7298.68,Active
PROD00754,Impedit Beauty,Beauty,Adidas,SUP074,2400.57,3514.73,Active
PROD00755,Culpa Electronics,Electronics,Dove,SUP144,3862.52,5753.92,Active
PROD00756,Saepe Clothing,Clothing,Sony,SUP054,4915.75,6764.08,Active
PROD00757,In Clothing,Clothing,Samsung,SUP073,3979.46,6073.68,Active
PROD00758,Vitae Electronics,Electronics,Amul,SUP194,1482.73,1922.25,Active
PROD00759,Quia Beauty,Beauty,Puma,SUP037,4650.1,6993.57,Active
PROD00760,Magni Clothing,Clothing,LG,SUP108,2363.46,3645.64,Active
PROD00761,Ut Beauty,Beauty,Nestle,SUP133,2116.02,2873.6,Active
PROD00762,Iure Electronics,Electronics,Philips,SUP007,2250.3,3367.89,Active
PROD00763,Voluptatem Sports,Sports,Sony,SUP145,572.55,778.26,Active
PROD00764,Provident Sports,Sports,Nestle,SUP064,1184.75,1706.16,Active
PROD00765,Iste Home & Kitchen,Home & Kitchen,Adidas,SUP115,4121.99,4875.38,Active
PROD00766,Repellat Clothing,Clothing,Nestle,SUP183,3177.19,4213.24,Active
PROD00767,Sed Electronics,Electronics,Puma,SUP025,4619.34,7330.9,Active
PROD00768,Necessitatibus Home & Kitchen,Home & Kitchen,Samsung,SUP077,254.21,376.84,Active
PROD00769,Impedit Sports,Sports,Puma,SUP010,3610.85,4753.57,Active
PROD00770,Illum Groceries,Groceries,Samsung,SUP036,4079.84,4733.39,Discontinued
PROD00771,Error Beauty,Beauty,Nestle,SUP011,686.63,932.21,Active
PROD00772,Ut Home & Kitchen,Home & Kitchen,Philips,SUP015,4836.62,5358.37,Active
PROD00773,Inventore Sports,Sports,Dove,SUP124,602.61,732.39,Active
PROD00774,Velit Home & Kitchen,Home & Kitchen,Philips,SUP146,4978.75,7649.69,Active
PROD00775,Aliquid Home & Kitchen,Home & Kitchen,Samsung,SUP128,4001.01,4839.96,Active
PROD00776,Dolore Beauty,Beauty,Nestle,SUP074,2771.56,4321.0,Active
PROD00777,Mollitia Sports,Sports,Nike,SUP079,3167.78,4430.4,Active
PROD00778,Hic Home & Kitchen,Home & Kitchen,Adidas,SUP132,3329.08,5017.92,Active
PROD00779,Beatae Beauty,Beauty,Puma,SUP101,2371.12,3391.76,Active
PROD00780,Tempora Groceries,Groceries,Nestle,SUP105,4046.21,5172.47,Active
PROD00781,Est Groceries,Groceries,Nestle,SUP003,3281.43,3831.88,Active
PROD00782,Deleniti Electronics,Electronics,Sony,SUP048,2457.71,3209.48,Active
PROD00783,Mollitia Clothing,Clothing,Dove,SUP137,1491.19,1940.82,Active
PROD00784,Aut Groceries,Groceries,Sony,SUP173,383.98,545.21,Discontinued
PROD00785,Iste Groceries,Groceries,Philips,SUP159,1554.56,2301.05,Active
PROD00786,Incidunt Electronics,Electronics,Nestle,SUP153,1914.91,2973.18,Active
PROD00787,Nisi Groceries,Groceries,Puma,SUP112,2490.74,3334.67,Active
PROD00788,Itaque Electronics,Electronics,Dove,SUP052,4209.42,5260.02,Active
PROD00789,Reiciendis Sports,Sports,Nike,SUP149,4961.23,7393.05,Active
PROD00790,Aut Home & Kitchen,Home & Kitchen,Adidas,SUP047,2150.7,2567.21,Active
PROD00791,Laudantium Groceries,Groceries,Samsung,SUP136,2860.0,4264.72,Active
PROD00792,Reiciendis Groceries,Groceries,Dove,SUP088,3948.6,5134.2,Active
PROD00793,Iste Home & Kitchen,Home & Kitchen,Philips,SUP184,4814.82,6070.54,Active
PROD00794,Quaerat Groceries,Groceries,LG,SUP138,1858.83,2420.53,Active
PROD00795,Expedita Beauty,Beauty,LG,SUP157,82.49,102.34,Discontinued
PROD00796,Ipsa Groceries,Groceries,Sony,SUP125,1223.37,1651.33,Active
PROD00797,Quia Sports,Sports,LG,SUP188,203.23,247.04,Active
PROD00798,Magnam Sports,Sports,Nestle,SUP066,3298.73,4431.46,Active
PROD00799,Cumque Electronics,Electronics,Samsung,SUP192,4269.21,4742.91,Discontinued
PROD00800,Nostrum Home & Kitchen,Home & Kitchen,Dove,SUP144,689.5,898.39,Active
PROD00801,Suscipit Home & Kitchen,Home & Kitchen,Nestle,SUP051,2387.1,3470.69,Active
PROD00802,Numquam Clothing,Clothing,Adidas,SUP070,4911.59,6070.57,Active
PROD00803,Nobis Beauty,Beauty,Sony,SUP129,3350.13,5284.0,Active
PROD00804,Dolore Beauty,Beauty,LG,SUP185,750.96,1140.93,Active
PROD00805,Quos Electronics,Electronics,Nike,SUP172,4004.81,4714.51,Active
PROD00806,Qui Electronics,Electronics,Samsung,SUP101,106.29,131.69,Active
PROD00807,Minima Sports,Sports,Adidas,SUP146,1080.18,1517.03,Active
PROD00808,Neque Clothing,Clothing,Adidas,SUP085,4333.83,5423.75,Active
PROD00809,Dolore Clothing,Clothing,Nestle,SUP068,1981.44,2858.15,Active
PROD00810,Ea Electronics,Electronics,Nike,SUP110,3062.94,3537.78,Active
PROD00811,A Groceries,Groceries,Adidas,SUP131,632.41,906.06,Active
PROD00812,Totam Home & Kitchen,Home & Kitchen,LG,SUP043,2552.74,3049.22,Active
PROD00813,Minima Electronics,Electronics,Nike,SUP087,2490.0,2867.25,Active
PROD00814,Cum Home & Kitchen,Home & Kitchen,Dove,SUP020,1105.26,1532.48,Active
PROD00815,Voluptates Groceries,Groceries,Nestle,SUP018,3826.79,5898.06,Active
PROD00816,Ipsam Clothing,Clothing,Adidas,SUP137,896.01,1299.15,Active
PROD00817,Neque Electronics,Electronics,Nike,SUP097,426.8,501.48,Active
PROD00818,Incidunt Home & Kitchen,Home & Kitchen,Philips,SUP124,3689.77,4488.27,Active
PROD00819,Earum Clothing,Clothing,Sony,SUP040,2016.65,2678.38,Active
PROD00820,Error Beauty,Beauty,Puma,SUP032,1401.38,2052.14,Discontinued
PROD00821,Autem Electronics,Electronics,Philips,SUP162,1403.91,1602.56,Active
PROD00822,Laboriosam Groceries,Groceries,Adidas,SUP162,4403.38,4898.49,Active
PROD00823,Quibusdam Home & Kitchen,Home & Kitchen,LG,SUP052,3808.6,5743.24,Active
PROD00824,Consequatur Clothing,Clothing,Philips,SUP095,4816.44,6990.59,Active
PROD00825,Dicta Home & Kitchen,Home & Kitchen,Nike,SUP152,3447.47,4332.54,Active
PROD00826,Officia Clothing,Clothing,Nestle,SUP195,1932.81,2819.87,Active
PROD00827,Non Sports,Sports,Puma,SUP140,4403.79,5977.56,Active
PROD00828,Dicta Groceries,Groceries,Nestle,SUP179,3081.21,3607.28,Active
PROD00829,Enim Electronics,Electronics,LG,SUP059,542.83,641.17,Active
PROD00830,Dicta Beauty,Beauty,Nike,SUP093,4378.24,6361.58,Active
PROD00831,Voluptatibus Beauty,Beauty,Nestle,SUP200,704.32,1123.62,Active
PROD00832,Nisi Groceries,Groceries,Philips,SUP031,4200.08,6410.37,Active
PROD00833,Eaque Beauty,Beauty,Sony,SUP032,4243.5,6113.53,Active
PROD00834,Molestias Home & Kitchen,Home & Kitchen,Adidas,SUP144,4381.0,6477.16,Active
PROD00835,Magni Groceries,Groceries,Nike,SUP147,3203.04,4657.6,Active
PROD00836,Rem Sports,Sports,Sony,SUP129,861.49,1019.69,Active
PROD00837,Consequatur Clothing,Clothing,Sony,SUP011,2599.23,3649.81,Active
PROD00838,Assumenda Groceries,Groceries,Adidas,SUP095,1262.11,1565.52,Active
PROD00839,Doloremque Beauty,Beauty,Nestle,SUP082,4532.46,5881.73,Active
PROD00840,Delectus Electronics,Electronics,Dove,SUP151,4196.03,5299.66,Active
PROD00841,Non Beauty,Beauty,Nestle,SUP165,3181.43,4809.42,Active
PROD00842,Tenetur Beauty,Beauty,LG,SUP018,4783.96,6485.03,Active
PROD00843,Rem Beauty,Beauty,Nestle,SUP018,1564.87,1958.69,Active
PROD00844,Harum Beauty,Beauty,Adidas,SUP182,3921.48,4911.6,Active
PROD00845,Labore Sports,Sports,Amul,SUP003,2379.69,2767.96,Active
PROD00846,Vel Electronics,Electronics,Dove,SUP046,2137.1,2510.54,Active
PROD00847,Blanditiis Clothing,Clothing,Puma,SUP196,3684.15,4873.95,Active
PROD00848,Illo Home & Kitchen,Home & Kitchen,LG,SUP188,627.21,913.89,Active
PROD00849,Asperiores Groceries,Groceries,LG,SUP142,1470.71,2334.08,Active
PROD00850,Vitae Clothing,Clothing,Nike,SUP127,3225.75,3993.21,Active
PROD00851,Nemo Electronics,Electronics,Nike,SUP044,2075.31,3209.29,Active
PROD00852,Est Beauty,Beauty,Samsung,SUP077,3677.88,4461.72,Discontinued
PROD00853,Veritatis Sports,Sports,Dove,SUP119,2251.66,3051.84,Active
PROD00854,Amet Groceries,Groceries,LG,SUP178,2324.47,3005.64,Active
PROD00855,Repellendus Groceries,Groceries,Dove,SUP017,2576.85,3908.52,Active
PROD00856,Laboriosam Beauty,Beauty,Puma,SUP020,4439.83,5558.2,Active
PROD00857,Sit Beauty,Beauty,Puma,SUP169,4489.09,5222.89,Active
PROD00858,Sint Electronics,Electronics,Puma,SUP104,214.28,279.17,Active
PROD00859,Ullam Groceries,Groceries,Nestle,SUP014,4532.32,5524.39,Active
PROD00860,Et Electronics,Electronics,Sony,SUP169,2042.57,3181.1,Active
PROD00861,Error Beauty,Beauty,LG,SUP102,818.79,977.61,Active
PROD00862,Quaerat Home & Kitchen,Home & Kitchen,Nike,SUP150,951.38,1089.75,Active
PROD00863,Tenetur Sports,Sports,Philips,SUP134,4148.44,5400.55,Active
PROD00864,Ipsam Home & Kitchen,Home & Kitchen,Puma,SUP015,2983.31,3810.29,Active
PROD00865,Similique Home & Kitchen,Home & Kitchen,Philips,SUP193,736.71,814.56,Active
PROD00866,Assumenda Electronics,Electronics,LG,SUP109,504.89,597.6,Active
PROD00867,Nostrum Groceries,Groceries,Nestle,SUP126,3520.46,4178.87,Active
PROD00868,Placeat Groceries,Groceries,Philips,SUP019,1481.18,1653.64,Active
PROD00869,Qui Home & Kitchen,Home & Kitchen,Adidas,SUP146,2211.71,2909.66,Active
PROD00870,Mollitia Clothing,Clothing,Dove,SUP029,1684.41,2694.64,Active
PROD00871,Eaque Home & Kitchen,Home & Kitchen,Nike,SUP019,2512.77,3860.27,Active
PROD00872,Eius Home & Kitchen,Home & Kitchen,Sony,SUP113,445.92,668.18,Active
PROD00873,Molestiae Beauty,Beauty,Puma,SUP016,4408.83,5411.45,Active
PROD00874,Nam Home & Kitchen,Home & Kitchen,Adidas,SUP050,1382.82,2014.97,Active
PROD00875,Illo Groceries,Groceries,Adidas,SUP056,3804.52,5479.72,Active
PROD00876,Libero Groceries,Groceries,Nestle,SUP131,4856.19,6536.12,Active
PROD00877,Voluptatem Beauty,Beauty,Nestle,SUP070,4189.44,6298.06,Active
PROD00878,Saepe Home & Kitchen,Home & Kitchen,Adidas,SUP081,953.5,1256.47,Active
PROD00879,Natus Electronics,Electronics,Adidas,SUP172,3812.84,4299.52,Active
PROD00880,Maxime Clothing,Clothing,Puma,SUP126,2357.84,2689.07,Active
PROD00881,Laboriosam Home & Kitchen,Home & Kitchen,Nestle,SUP171,1248.4,1975.12,Active
PROD00882,Itaque Groceries,Groceries,Nestle,SUP002,1488.65,2373.73,Discontinued
PROD00883,Aut Home & Kitchen,Home & Kitchen,Puma,SUP163,2159.48,3377.53,Active
PROD00884,Voluptatibus Sports,Sports,Adidas,SUP179,4406.15,5899.21,Active
PROD00885,Repudiandae Sports,Sports,LG,SUP031,3365.43,3974.97,Active
PROD00886,Praesentium Beauty,Beauty,Adidas,SUP060,217.86,315.69,Active
PROD00887,Et Clothing,Clothing,Amul,SUP124,2120.49,2777.6,Active
PROD00888,Eligendi Clothing,Clothing,Amul,SUP095,4345.93,4992.64,Active
PROD00889,Alias Electronics,Electronics,Dove,SUP031,4971.24,6919.67,Active
PROD00890,Velit Clothing,Clothing,Nike,SUP169,1932.17,2958.68,Active
PROD00891,Libero Groceries,Groceries,Puma,SUP052,3864.04,6172.67,Active
PROD00892,Consectetur Beauty,Beauty,LG,SUP064,936.73,1223.16,Active
PROD00893,Unde Beauty,Beauty,Sony,SUP190,3872.96,4410.01,Active
PROD00894,Voluptate Electronics,Electronics,Puma,SUP086,2482.99,3255.14,Active
PROD00895,Beatae Clothing,Clothing,LG,SUP095,2110.77,3024.41,Active
PROD00896,Incidunt Home & Kitchen,Home & Kitchen,Amul,SUP100,1749.48,2657.75,Active
PROD00897,Dolorem Clothing,Clothing,Nestle,SUP179,3673.95,5445.4,Active
PROD00898,Iure Clothing,Clothing,Puma,SUP190,2815.73,4501.78,Active
PROD00899,Nisi Groceries,Groceries,Philips,SUP001,4085.77,4541.45,Active
PROD00900,Et Beauty,Beauty,Samsung,SUP160,943.51,1420.65,Active
PROD00901,Dolorem Beauty,Beauty,Amul,SUP169,3864.69,5787.05,Active
PROD00902,Quae Clothing,Clothing,Amul,SUP030,322.04,372.35,Active
PROD00903,Tenetur Sports,Sports,Dove,SUP029,1806.02,2001.06,Active
PROD00904,Rerum Clothing,Clothing,Nestle,SUP138,844.28,992.81,Active
PROD00905,Dicta Beauty,Beauty,Nestle,SUP010,2072.02,2610.71,Active
PROD00906,Officiis Groceries,Groceries,Nestle,SUP141,2833.84,3543.4,Active
PROD00907,Illum Home & Kitchen,Home & Kitchen,Dove,SUP196,1628.59,1836.85,Active
PROD00908,Eius Beauty,Beauty,Nestle,SUP196,2524.37,3655.17,Active
PROD00909,Ullam Clothing,Clothing,LG,SUP051,4169.61,5927.41,Active
PROD00910,Ullam Electronics,Electronics,Puma,SUP188,1684.51,2046.24,Active
PROD00911,Qui Electronics,Electronics,Dove,SUP184,364.05,489.61,Active
PROD00912,Labore Groceries,Groceries,Sony,SUP173,3779.52,4913.01,Active
PROD00913,Corrupti Beauty,Beauty,LG,SUP167,4544.98,7202.57,Active
PROD00914,Accusantium Home & Kitchen,Home & Kitchen,LG,SUP109,3929.36,6245.94,Active
PROD00915,Error Clothing,Clothing,Nike,SUP012,4155.51,5753.6,Active
PROD00916,Natus Clothing,Clothing,Amul,SUP053,3976.79,5005.17,Active
PROD00917,Quae Home & Kitchen,Home & Kitchen,Puma,SUP182,759.92,1160.2,Active
PROD00918,Voluptate Clothing,Clothing,Adidas,SUP111,1525.22,1812.39,Active
PROD00919,Iusto Sports,Sports,Amul,SUP189,4294.56,6036.92,Active
PROD00920,Quod Electronics,Electronics,Puma,SUP065,207.58,247.59,Active
PROD00921,Qui Clothing,Clothing,Sony,SUP136,3704.59,4256.43,Active
PROD00922,Ex Beauty,Beauty,Dove,SUP151,2052.8,2549.36,Active
PROD00923,Nulla Sports,Sports,Amul,SUP157,2815.99,3955.13,Active
PROD00924,Incidunt Home & Kitchen,Home & Kitchen,Nestle,SUP081,1914.55,2458.99,Active
PROD00925,Occaecati Groceries,Groceries,Nestle,SUP064,2511.23,3133.57,Active
PROD00926,Totam Sports,Sports,Nestle,SUP021,2116.44,2386.35,Active
PROD00927,Quam Clothing,Clothing,LG,SUP184,3744.52,4847.95,Discontinued
PROD00928,Pariatur Clothing,Clothing,Nike,SUP114,4974.64,6076.35,Active
PROD00929,Impedit Groceries,Groceries,Philips,SUP175,4919.26,5539.15,Active
PROD00930,Nostrum Groceries,Groceries,Philips,SUP117,1513.43,2123.27,Active
PROD00931,Neque Beauty,Beauty,Amul,SUP019,1575.93,1980.41,Active
PROD00932,Quae Groceries,Groceries,LG,SUP037,4603.71,5940.19,Discontinued
PROD00933,Odio Electronics,Electronics,Nestle,SUP060,4762.34,5876.98,Active
PROD00934,Non Home & Kitchen,Home & Kitchen,Dove,SUP071,3313.83,4556.38,Discontinued
PROD00935,Nostrum Groceries,Groceries,Samsung,SUP019,4682.88,5582.72,Discontinued
PROD00936,Beatae Sports,Sports,LG,SUP117,4108.19,6099.55,Discontinued
PROD00937,Magnam Sports,Sports,Samsung,SUP160,2651.01,3665.67,Discontinued
PROD00938,Perspiciatis Sports,Sports,LG,SUP095,3874.92,4634.26,Discontinued
PROD00939,Quae Electronics,Electronics,LG,SUP113,802.59,1055.75,Active
PROD00940,Eos Sports,Sports,Nike,SUP087,4182.76,5332.2,Active
PROD00941,Dolorem Home & Kitchen,Home & Kitchen,Puma,SUP048,2524.13,3603.01,Active
PROD00942,Veniam Beauty,Beauty,Dove,SUP102,1259.36,1476.51,Active
PROD00943,Laborum Electronics,Electronics,LG,SUP189,4901.5,5938.72,Active
PROD00944,Ratione Home & Kitchen,Home & Kitchen,Samsung,SUP155,3406.96,4474.84,Active
PROD00945,Voluptatibus Electronics,Electronics,Samsung,SUP162,325.95,474.41,Active
PROD00946,Nesciunt Home & Kitchen,Home & Kitchen,Samsung,SUP124,295.4,390.63,Active
PROD00947,Praesentium Clothing,Clothing,Amul,SUP181,1031.78,1516.2,Active
PROD00948,Magnam Clothing,Clothing,Philips,SUP183,1526.67,1824.61,Active
PROD00949,Similique Beauty,Beauty,Sony,SUP006,2217.29,2855.85,Active
PROD00950,Iure Sports,Sports,Adidas,SUP079,1230.57,1381.64,Active
PROD00951,Temporibus Electronics,Electronics,Adidas,SUP082,3614.99,4176.9,Active
PROD00952,Ex Electronics,Electronics,Philips,SUP111,350.8,389.17,Active
PROD00953,Sint Beauty,Beauty,LG,SUP020,1770.27,2145.13,Active
PROD00954,Fuga Electronics,Electronics,Puma,SUP085,2275.43,3274.52,Active
PROD00955,Itaque Clothing,Clothing,LG,SUP111,79.88,94.1,Active
PROD00956,Nostrum Beauty,Beauty,Adidas,SUP176,1501.04,2100.74,Active
PROD00957,Temporibus Clothing,Clothing,Nike,SUP101,1711.43,2730.4,Active
PROD00958,Nam Home & Kitchen,Home & Kitchen,Amul,SUP064,1196.85,1524.95,Active
PROD00959,Minus Sports,Sports,Nike,SUP108,1956.55,3027.86,Active
PROD00960,Magni Clothing,Clothing,Dove,SUP003,4026.86,5849.33,Active
PROD00961,Quibusdam Beauty,Beauty,Philips,SUP085,616.34,742.03,Active
PROD00962,Earum Sports,Sports,LG,SUP188,2269.37,3141.36,Active
PROD00963,Consectetur Home & Kitchen,Home & Kitchen,LG,SUP137,4678.29,6501.58,Active
PROD00964,Doloremque Clothing,Clothing,Sony,SUP170,4998.52,6153.6,Active
PROD00965,Tenetur Home & Kitchen,Home & Kitchen,Sony,SUP101,3183.29,3858.12,Active
PROD00966,Nisi Sports,Sports,LG,SUP068,1658.59,2112.61,Active
PROD00967,Sequi Groceries,Groceries,Sony,SUP135,202.85,295.98,Active
PROD00968,Nam Beauty,Beauty,Nestle,SUP189,3073.22,3767.98,Active
PROD00969,At Groceries,Groceries,Philips,SUP112,209.92,238.18,Active
PROD00970,Veniam Sports,Sports,Amul,SUP151,1948.03,2742.87,Active
PROD00971,Est Electronics,Electronics,Philips,SUP076,2333.27,2699.78,Active
PROD00972,Voluptas Groceries,Groceries,Philips,SUP159,2109.93,2345.98,Active
PROD00973,Natus Sports,Sports,Amul,SUP077,2717.05,3286.61,Active
PROD00974,Aperiam Clothing,Clothing,Philips,SUP039,1408.08,2221.88,Active
PROD00975,Dignissimos Beauty,Beauty,Philips,SUP119,2719.74,3894.16,Active
PROD00976,Molestias Sports,Sports,Philips,SUP177,196.67,223.57,Active
PROD00977,Ad Home & Kitchen,Home & Kitchen,Samsung,SUP106,2406.98,3746.22,Active
PROD00978,Culpa Home & Kitchen,Home & Kitchen,Sony,SUP041,2972.66,4541.53,Active
PROD00979,Delectus Sports,Sports,Samsung,SUP047,3930.22,4434.73,Active
PROD00980,Voluptate Clothing,Clothing,Dove,SUP131,3767.68,5436.01,Active
PROD00981,Odio Beauty,Beauty,Adidas,SUP130,4137.28,5073.4,Active
PROD00982,Exercitationem Clothing,Clothing,Sony,SUP056,4464.4,5468.58,Active
PROD00983,Reiciendis Groceries,Groceries,Amul,SUP164,2129.32,2485.79,Active
PROD00984,Culpa Clothing,Clothing,Puma,SUP121,2281.12,2834.31,Active
PROD00985,Accusamus Electronics,Electronics,LG,SUP066,4592.08,6795.46,Active
PROD00986,Ipsum Electronics,Electronics,Puma,SUP155,4279.67,6845.58,Active
PROD00987,Ullam Sports,Sports,Puma,SUP110,198.33,307.11,Active
PROD00988,Tenetur Sports,Sports,Samsung,SUP008,2217.87,2875.66,Active
PROD00989,Quibusdam Groceries,Groceries,Puma,SUP176,3095.33,3971.68,Active
PROD00990,Consequatur Sports,Sports,Samsung,SUP124,1234.4,1760.96,Active
PROD00991,Repudiandae Clothing,Clothing,Sony,SUP110,3768.33,4623.51,Active
PROD00992,Quasi Beauty,Beauty,Sony,SUP180,4661.76,6069.12,Active
PROD00993,Harum Clothing,Clothing,Nike,SUP126,693.87,1026.21,Active
PROD00994,Repellat Electronics,Electronics,Dove,SUP135,1107.2,1490.5,Active
PROD00995,Ex Groceries,Groceries,Sony,SUP087,4290.78,6515.64,Active
PROD00996,Illum Sports,Sports,Philips,SUP169,4484.3,5291.56,Active
PROD00997,Cumque Groceries,Groceries,Sony,SUP121,3395.71,5359.25,Active
PROD00998,Dignissimos Home & Kitchen,Home & Kitchen,Nestle,SUP199,1134.72,1648.16,Active
PROD00999,Iure Electronics,Electronics,LG,SUP167,439.03,580.86,Active
PROD01000,Aspernatur Home & Kitchen,Home & Kitchen,Amul,SUP118,4704.44,7025.2,Active
